,Date,Confirmed_Cases,Death_Cases
0,2020-01-22,557,17
1,2020-01-23,657,18
2,2020-01-24,944,26
3,2020-01-25,1437,42
4,2020-01-26,2120,56
5,2020-01-27,2929,82
6,2020-01-28,5580,131
7,2020-01-29,6169,133
8,2020-01-30,8237,172
9,2020-01-31,9927,214
10,2020-02-01,12038,260
11,2020-02-02,16787,364
12,2020-02-03,19887,428
13,2020-02-04,23899,494
14,2020-02-05,27644,566
15,2020-02-06,30806,636
16,2020-02-07,34400,721
17,2020-02-08,37131,808
18,2020-02-09,40162,908
19,2020-02-10,42771,1015
20,2020-02-11,44814,1115
21,2020-02-12,45232,1120
22,2020-02-13,60384,1373
23,2020-02-14,66912,1525
24,2020-02-15,69055,1668
25,2020-02-16,71238,1772
26,2020-02-17,73273,1870
27,2020-02-18,75155,2010
28,2020-02-19,75655,2125
29,2020-02-20,76216,2250
30,2020-02-21,76846,2254
31,2020-02-22,78608,2462
32,2020-02-23,78990,2473
33,2020-02-24,79558,2633
34,2020-02-25,80412,2713
35,2020-02-26,81384,2774
36,2020-02-27,82728,2817
37,2020-02-28,84152,2876
38,2020-02-29,86023,2946
39,2020-03-01,88402,3000
40,2020-03-02,90382,3090
41,2020-03-03,92994,3164
42,2020-03-04,95338,3260
43,2020-03-05,98078,3355
44,2020-03-06,102062,3469
45,2020-03-07,106199,3573
46,2020-03-08,109997,3815
47,2020-03-09,114292,4009
48,2020-03-10,119051,4284
49,2020-03-11,126527,4636
50,2020-03-12,133283,4957
51,2020-03-13,146477,5460
52,2020-03-14,157365,5886
53,2020-03-15,168598,6557
54,2020-03-16,183165,7268
55,2020-03-17,198339,8119
56,2020-03-18,215900,9075
57,2020-03-19,242987,10217
58,2020-03-20,272517,11791
59,2020-03-21,304944,13599
60,2020-03-22,339156,15427
61,2020-03-23,381711,17523
62,2020-03-24,423594,19949
63,2020-03-25,475075,22920
64,2020-03-26,535889,26173
65,2020-03-27,599820,29812
66,2020-03-28,669402,33861
67,2020-03-29,725918,37680
68,2020-03-30,790929,42050
69,2020-03-31,869371,47218
70,2020-04-01,955728,53862
71,2020-04-02,1038176,60115
72,2020-04-03,1122386,66617
73,2020-04-04,1182507,72976
74,2020-04-05,1254222,78897
75,2020-04-06,1328948,85324
76,2020-04-07,1397886,93841
77,2020-04-08,1480062,101061
78,2020-04-09,1567243,109216
79,2020-04-10,1653665,116957
80,2020-04-11,1729180,123939
81,2020-04-12,1847761,130453
82,2020-04-13,1919593,136966
83,2020-04-14,2004226,144323
84,2020-04-15,2082482,153088
85,2020-04-16,2176950,160800
86,2020-04-17,2264830,169688
87,2020-04-18,2343082,176118
88,2020-04-19,2419404,182219
89,2020-04-20,2495886,188730
90,2020-04-21,2571973,195926
91,2020-04-22,2654011,203205
92,2020-04-23,2736728,210475
93,2020-04-24,2820291,217313
94,2020-04-25,2903496,223363
95,2020-04-26,2974291,228179
96,2020-04-27,3045275,233624
97,2020-04-28,3121107,240253
98,2020-04-29,3198435,247233
99,2020-04-30,3282087,253486
100,2020-05-01,3371033,259073
101,2020-05-02,3449295,265119
102,2020-05-03,3523292,269394
103,2020-05-04,3600929,274239
104,2020-05-05,3680614,280386
105,2020-05-06,3771036,287146
106,2020-05-07,3860174,293012
107,2020-05-08,3950657,298967
108,2020-05-09,4035000,303885
109,2020-05-10,4110223,308223
110,2020-05-11,4186364,312301
111,2020-05-12,4271644,318031
112,2020-05-13,4355992,323468
113,2020-05-14,4451634,329217
114,2020-05-15,4547536,334970
115,2020-05-16,4641426,339511
116,2020-05-17,4719789,343391
117,2020-05-18,4808921,347786
118,2020-05-19,4904739,352754
119,2020-05-20,5010162,358160
120,2020-05-21,5116135,363195
121,2020-05-22,5223477,368901
122,2020-05-23,5327627,373355
123,2020-05-24,5420843,376755
124,2020-05-25,5509066,378449
125,2020-05-26,5601428,383229
126,2020-05-27,5703984,388449
127,2020-05-28,5823977,393440
128,2020-05-29,5945413,398596
129,2020-05-30,6080456,402955
130,2020-05-31,6183316,406242
131,2020-06-01,6283580,409983
132,2020-06-02,6406221,415254
133,2020-06-03,6517437,420875
134,2020-06-04,6655667,426403
135,2020-06-05,6789073,431460
136,2020-06-06,6918403,435600
137,2020-06-07,7029415,438857
138,2020-06-08,7132463,443312
139,2020-06-09,7258445,448357
140,2020-06-10,7395607,453783
141,2020-06-11,7531793,458920
142,2020-06-12,7659267,463663
143,2020-06-13,7793175,468056
144,2020-06-14,7925122,471838
145,2020-06-15,8050034,475905
146,2020-06-16,8193933,483023
147,2020-06-17,8337135,488500
148,2020-06-18,8480229,493854
149,2020-06-19,8661225,500212
150,2020-06-20,8847108,504694
151,2020-06-21,8940170,509338
152,2020-06-22,9082502,513205
153,2020-06-23,9250625,518774
154,2020-06-24,9422061,524272
155,2020-06-25,9601576,529382
156,2020-06-26,9794066,534465
157,2020-06-27,9970478,539201
158,2020-06-28,10138935,542822
159,2020-06-29,10291617,546894
160,2020-06-30,10475388,552146
161,2020-07-01,10690516,557487
162,2020-07-02,10895486,563001
163,2020-07-03,11098124,568241
164,2020-07-04,11287838,573035
165,2020-07-05,11474058,576880
166,2020-07-06,11642331,581148
167,2020-07-07,11851900,587508
168,2020-07-08,12067186,593137
169,2020-07-09,12291782,598986
170,2020-07-10,12524663,604728
171,2020-07-11,12737483,609869
172,2020-07-12,12930415,614171
173,2020-07-13,13124893,618607
174,2020-07-14,13345920,624592
175,2020-07-15,13575706,630511
176,2020-07-16,13820618,636673
177,2020-07-17,14058038,643711
178,2020-07-18,14293379,650241
179,2020-07-19,14505270,655135
180,2020-07-20,14713414,659101
181,2020-07-21,14956435,665439
182,2020-07-22,15231791,672857
183,2020-07-23,15511422,679494
184,2020-07-24,15794928,685956
185,2020-07-25,16044485,692021
186,2020-07-26,16256294,696430
187,2020-07-27,16490680,701726
188,2020-07-28,16754567,708664
189,2020-07-29,17024801,715292
190,2020-07-30,17306582,722069
191,2020-07-31,17594044,728679
192,2020-08-01,17840315,734665
193,2020-08-02,18070926,739352
194,2020-08-03,18276983,744209
195,2020-08-04,18542287,751380
196,2020-08-05,18817443,758757
197,2020-08-06,19104145,765604
198,2020-08-07,19386579,772357
199,2020-08-08,19651806,778381
200,2020-08-09,19884801,783575
201,2020-08-10,20118013,788952
202,2020-08-11,20383576,795567
203,2020-08-12,20658646,802540
204,2020-08-13,20948740,809327
205,2020-08-14,21255813,815894
206,2020-08-15,21504839,821948
207,2020-08-16,21714880,826748
208,2020-08-17,21927762,831371
209,2020-08-18,22187166,838427
210,2020-08-19,22464640,844850
211,2020-08-20,22736119,851277
212,2020-08-21,22998072,857049
213,2020-08-22,23261601,862838
214,2020-08-23,23464360,867145
215,2020-08-24,23692460,872002
216,2020-08-25,23937668,878565
217,2020-08-26,24219359,885102
218,2020-08-27,24506622,891317
219,2020-08-28,24790561,897142
220,2020-08-29,25051295,902930
221,2020-08-30,25271033,907204
222,2020-08-31,25535340,911637
223,2020-09-01,25802224,918238
224,2020-09-02,26084114,924555
225,2020-09-03,26369544,930655
226,2020-09-04,26671276,936495
227,2020-09-05,26944997,941588
228,2020-09-06,27173995,945723
229,2020-09-07,27391278,955346
230,2020-09-08,27637790,960469
231,2020-09-09,27923100,966734
232,2020-09-10,28227493,972736
233,2020-09-11,28543855,978735
234,2020-09-12,28832580,983793
235,2020-09-13,29081415,987756
236,2020-09-14,29348555,992363
237,2020-09-15,29629107,998925
238,2020-09-16,29934059,1004793
239,2020-09-17,30249632,1010441
240,2020-09-18,30576278,1016293
241,2020-09-19,30869397,1021566
242,2020-09-20,31124526,1025548
243,2020-09-21,31384435,1029976
244,2020-09-22,31668754,1036127
245,2020-09-23,31980407,1042678
246,2020-09-24,32301360,1048346
247,2020-09-25,32631974,1054363
248,2020-09-26,32918085,1059795
249,2020-09-27,33165079,1063680
250,2020-09-28,33426328,1067794
251,2020-09-29,33709128,1073842
252,2020-09-30,34033675,1080268
253,2020-10-01,34352787,1089162
254,2020-10-02,34682292,1094892
255,2020-10-03,34979647,1099676
256,2020-10-04,35240179,1103717
257,2020-10-05,35551524,1110806
258,2020-10-06,35867647,1116668
259,2020-10-07,36216841,1122589
260,2020-10-08,36576162,1128972
261,2020-10-09,36936565,1135152
262,2020-10-10,37292089,1140057
263,2020-10-11,37581583,1144252
264,2020-10-12,37871608,1148379
265,2020-10-13,38190980,1153728
266,2020-10-14,38571764,1159891
267,2020-10-15,38978760,1166100
268,2020-10-16,39389280,1172313
269,2020-10-17,39761413,1178040
270,2020-10-18,40092656,1181999
271,2020-10-19,40467606,1186841
272,2020-10-20,40856480,1193465
273,2020-10-21,41296091,1200368
274,2020-10-22,41778168,1206346
275,2020-10-23,42272069,1213450
276,2020-10-24,42728414,1219368
277,2020-10-25,43087247,1223733
278,2020-10-26,43570291,1229572
279,2020-10-27,44038754,1236958
280,2020-10-28,44560523,1244133
281,2020-10-29,45111898,1251370
282,2020-10-30,45683640,1259145
283,2020-10-31,46155745,1265816
284,2020-11-01,46594934,1271172
285,2020-11-02,47143303,1277629
286,2020-11-03,47708817,1287201
287,2020-11-04,48200961,1297094
288,2020-11-05,48820295,1305834
289,2020-11-06,49443478,1314990
290,2020-11-07,50042669,1322776
291,2020-11-08,50533518,1329177
292,2020-11-09,51043324,1336758
293,2020-11-10,51614069,1346533
294,2020-11-11,52238734,1356950
295,2020-11-12,52878929,1366665
296,2020-11-13,53539863,1376562
297,2020-11-14,54126889,1385731
298,2020-11-15,54617117,1392659
299,2020-11-16,55142751,1400713
300,2020-11-17,55745063,1411682
301,2020-11-18,56367328,1423148
302,2020-11-19,57021314,1434288
303,2020-11-20,57695345,1446066
304,2020-11-21,58287916,1455371
305,2020-11-22,58785996,1463040
306,2020-11-23,59320006,1471765
307,2020-11-24,59910792,1484276
308,2020-11-25,60527871,1496269
309,2020-11-26,61117132,1507211
310,2020-11-27,61812474,1518732
311,2020-11-28,62420041,1528249
312,2020-11-29,62915662,1535902
313,2020-11-30,63422239,1544981
314,2020-12-01,64037142,1557368
315,2020-12-02,64677389,1569854
316,2020-12-03,65367986,1582561
317,2020-12-04,66064345,1594992
318,2020-12-05,66706697,1605596
319,2020-12-06,67250638,1613691
320,2020-12-07,67785484,1622523
321,2020-12-08,68416150,1634560
322,2020-12-09,69081500,1647129
323,2020-12-10,70576907,1659547
324,2020-12-11,71282658,1672729
325,2020-12-12,71931348,1683558
326,2020-12-13,72470142,1691787
327,2020-12-14,73021298,1700981
328,2020-12-15,73669919,1714204
329,2020-12-16,74387461,1728111
330,2020-12-17,75126063,1741277
331,2020-12-18,75847501,1754342
332,2020-12-19,76483006,1765600
333,2020-12-20,77030307,1773979
334,2020-12-21,77576529,1783464
335,2020-12-22,78227986,1797308
336,2020-12-23,78910081,1811049
337,2020-12-24,79603472,1823258
338,2020-12-25,80096696,1831882
339,2020-12-26,80629340,1840235
340,2020-12-27,81042534,1848389
341,2020-12-28,81541719,1857935
342,2020-12-29,82213594,1872872
343,2020-12-30,82938894,1888314
344,2020-12-31,83778622,1901777
345,2021-01-01,84342314,1911418
346,2021-01-02,84946690,1920880
347,2021-01-03,85467020,1928820
348,2021-01-04,86024461,1938770
349,2021-01-05,86765351,1954189
350,2021-01-06,87556264,1969110
351,2021-01-07,88426222,1984073
352,2021-01-08,89261637,1999363
353,2021-01-09,90017904,2012679
354,2021-01-10,90619443,2022236
355,2021-01-11,91233917,2032515
356,2021-01-12,91926453,2049477
357,2021-01-13,92669726,2065943
358,2021-01-14,93428784,2081663
359,2021-01-15,94212637,2097380
360,2021-01-16,94869509,2111413
361,2021-01-17,95397119,2121283
362,2021-01-18,95914366,2131731
363,2021-01-19,96507148,2147411
364,2021-01-20,97194354,2165160
365,2021-01-21,97863110,2182453
366,2021-01-22,98526596,2198512
367,2021-01-23,99103312,2213077
368,2021-01-24,99565294,2222839
369,2021-01-25,100046846,2233981
370,2021-01-26,100608158,2251396
371,2021-01-27,101209122,2268312
372,2021-01-28,101824237,2284838
373,2021-01-29,102413219,2300601
374,2021-01-30,102928083,2313886
375,2021-01-31,103324692,2323435
376,2021-02-01,103767694,2333683
377,2021-02-02,104233148,2348540
378,2021-02-03,104758397,2364399
379,2021-02-04,105230171,2377326
380,2021-02-05,105766676,2394507
381,2021-02-06,106201874,2406362
382,2021-02-07,106553422,2414130
383,2021-02-08,106893339,2423690
384,2021-02-09,107300629,2438420
385,2021-02-10,107741093,2452277
386,2021-02-11,108184860,2466147
387,2021-02-12,108614449,2479026
388,2021-02-13,108994937,2489712
389,2021-02-14,109303582,2496818
390,2021-02-15,109584404,2504635
391,2021-02-16,109944197,2515738
392,2021-02-17,110330576,2527093
393,2021-02-18,110741376,2539082
394,2021-02-19,111151038,2550740
395,2021-02-20,111526248,2559836
396,2021-02-21,111845811,2566627
397,2021-02-22,112141380,2573874
398,2021-02-23,112534122,2585355
399,2021-02-24,112979052,2597797
400,2021-02-25,113432016,2608800
401,2021-02-26,113873956,2619349
402,2021-02-27,114270693,2628079
403,2021-02-28,114578478,2634579
404,2021-03-01,114883979,2642087
405,2021-03-02,115197242,2652344
406,2021-03-03,115639088,2663901
407,2021-03-04,116097496,2674306
408,2021-03-05,116546593,2684847
409,2021-03-06,116960620,2693104
410,2021-03-07,117335064,2699185
411,2021-03-08,117640533,2706378
412,2021-03-09,118054577,2716871
413,2021-03-10,118513444,2727028
414,2021-03-11,119003124,2737241
415,2021-03-12,119492372,2747105
416,2021-03-13,119947968,2755757
417,2021-03-14,120313043,2761748
418,2021-03-15,120667127,2769255
419,2021-03-16,121134161,2779868
420,2021-03-17,121679877,2790458
421,2021-03-18,122227806,2801179
422,2021-03-19,122790345,2811995
423,2021-03-20,123288792,2820738
424,2021-03-21,123729261,2829290
425,2021-03-22,124150452,2837256
426,2021-03-23,124656291,2848741
427,2021-03-24,125285990,2859349
428,2021-03-25,125938183,2870902
429,2021-03-26,126578225,2883671
430,2021-03-27,127162758,2893881
431,2021-03-28,127655412,2901166
432,2021-03-29,128114688,2909829
433,2021-03-30,128676894,2921730
434,2021-03-31,129350790,2934661
435,2021-04-01,130060609,2946963
436,2021-04-02,130705394,2957615
437,2021-04-03,131245744,2966954
438,2021-04-04,131805666,2974382
439,2021-04-05,132302655,2982636
440,2021-04-06,132910149,2995089
441,2021-04-07,133573288,3010448
442,2021-04-08,134409344,3024749
443,2021-04-09,135156662,3039094
444,2021-04-10,135827306,3052100
445,2021-04-11,136536918,3061223
446,2021-04-12,137150764,3071131
447,2021-04-13,137914588,3084925
448,2021-04-14,138725902,3099015
449,2021-04-15,139547133,3112671
450,2021-04-16,140406983,3126051
451,2021-04-17,141200970,3138668
452,2021-04-18,141901080,3147807
453,2021-04-19,142592012,3158941
454,2021-04-20,143431609,3173235
455,2021-04-21,144320851,3187988
456,2021-04-22,145220252,3201909
457,2021-04-23,146127911,3217170
458,2021-04-24,146952141,3230302
459,2021-04-25,147680627,3241075
460,2021-04-26,148369677,3252705
461,2021-04-27,149208799,3267706
462,2021-04-28,150107590,3283651
463,2021-04-29,151001625,3299390
464,2021-04-30,151892994,3313809
465,2021-05-01,152687904,3326848
466,2021-05-02,153375175,3337179
467,2021-05-03,154065632,3348864
468,2021-05-04,154850588,3362923
469,2021-05-05,155692589,3377827
470,2021-05-06,156565435,3392403
471,2021-05-07,157400261,3406868
472,2021-05-08,158188559,3420197
473,2021-05-09,158837968,3430671
474,2021-05-10,159463612,3441763
475,2021-05-11,160189411,3455934
476,2021-05-12,160956898,3470075
477,2021-05-13,161691597,3483510
478,2021-05-14,162401162,3496538
479,2021-05-15,163032774,3508823
480,2021-05-16,163579396,3519124
481,2021-05-17,164122938,3530454
482,2021-05-18,164742576,3544530
483,2021-05-19,165414621,3557987
484,2021-05-20,165696927,3571167
485,2021-05-21,166323402,3584143
486,2021-05-22,166895763,3595588
487,2021-05-23,167377386,3605452
488,2021-05-24,167828464,3614598
489,2021-05-25,168361871,3627580
490,2021-05-26,168930299,3640387
491,2021-05-27,169477196,3653327
492,2021-05-28,169982707,3665348
493,2021-05-29,170463127,3676155
494,2021-05-30,170853074,3684555
495,2021-05-31,171240130,3693252
496,2021-06-01,171700134,3708466
497,2021-06-02,172187762,3720392
498,2021-06-03,172668261,3730550
499,2021-06-04,173093152,3741209
500,2021-06-05,173489803,3750622
501,2021-06-06,173812784,3757928
502,2021-06-07,174134551,3766003
503,2021-06-08,174504668,3776657
504,2021-06-09,174922960,3786840
505,2021-06-10,175376464,3802820
506,2021-06-11,175798501,3814560
507,2021-06-12,176166881,3824370
508,2021-06-13,176469682,3833641
509,2021-06-14,176778984,3841632
510,2021-06-15,177153741,3852383
511,2021-06-16,177542916,3862466
512,2021-06-17,177938911,3871765
513,2021-06-18,178342418,3880958
514,2021-06-19,178689716,3889039
515,2021-06-20,178994480,3895907
516,2021-06-21,179291135,3902891
517,2021-06-22,179701349,3911876
518,2021-06-23,180097972,3921222
519,2021-06-24,180507231,3929883
520,2021-06-25,180924899,3939117
521,2021-06-26,181287796,3946659
522,2021-06-27,181599032,3952754
523,2021-06-28,181932050,3959315
524,2021-06-29,182313258,3967474
525,2021-06-30,182712726,3976679
526,2021-07-01,183148268,3985220
527,2021-07-02,183590610,3993596
528,2021-07-03,183964437,4000499
529,2021-07-04,184292181,4007139
530,2021-07-05,184670098,4014530
531,2021-07-06,185120629,4023012
532,2021-07-07,185585871,4031566
533,2021-07-08,186067750,4040486
534,2021-07-09,186580986,4048903
535,2021-07-10,187002099,4055467
536,2021-07-11,187371991,4063098
537,2021-07-12,187806155,4071240
538,2021-07-13,188331814,4079621
539,2021-07-14,188869796,4088212
540,2021-07-15,189446223,4096847
541,2021-07-16,190042161,4105608
542,2021-07-17,190531011,4113118
543,2021-07-18,190951220,4119721
544,2021-07-19,191440687,4126947
545,2021-07-20,191973106,4147646
546,2021-07-21,192529214,4156313
547,2021-07-22,193094403,4165094
548,2021-07-23,193822543,4173425
549,2021-07-24,194254462,4182089
550,2021-07-25,194700076,4189471
551,2021-07-26,195240703,4197977
552,2021-07-27,195847033,4207766
553,2021-07-28,196497116,4217888
554,2021-07-29,197139985,4228154
555,2021-07-30,197872339,4237757
556,2021-07-31,198389684,4246601
557,2021-08-01,198872752,4254020
558,2021-08-02,199443855,4262171
559,2021-08-03,200078130,4272524
560,2021-08-04,200758588,4283016
561,2021-08-05,201444210,4294008
562,2021-08-06,202263736,4304479
563,2021-08-07,202825005,4313156
564,2021-08-08,203292722,4320653
565,2021-08-09,203911805,4329483
566,2021-08-10,204557617,4341001
567,2021-08-11,205288310,4351528
568,2021-08-12,205994052,4362040
569,2021-08-13,206795847,4372514
570,2021-08-14,207348758,4381256
571,2021-08-15,207815449,4388700
572,2021-08-16,208479793,4398564
573,2021-08-17,209162480,4409274
574,2021-08-18,209898123,4420094
575,2021-08-19,210609857,4431541
576,2021-08-20,211395070,4442035
577,2021-08-21,211954124,4450955
578,2021-08-22,212402204,4458738
579,2021-08-23,213086398,4468791
580,2021-08-24,213763171,4479815
581,2021-08-25,214500582,4491128
582,2021-08-26,215237031,4502719
583,2021-08-27,215988154,4513136
584,2021-08-28,216545334,4521572
585,2021-08-29,216992164,4528394
586,2021-08-30,217664015,4537965
587,2021-08-31,218284677,4547280
588,2021-09-01,219003757,4559705
589,2021-09-02,219680532,4570959
590,2021-09-03,220404105,4581684
591,2021-09-04,220900816,4589458
592,2021-09-05,221347788,4596034
593,2021-09-06,221825561,4604204
594,2021-09-07,222482051,4614669
595,2021-09-08,223119762,4624746
596,2021-09-09,223759907,4635493
597,2021-09-10,224418618,4644672
598,2021-09-11,224887140,4653045
599,2021-09-12,225258543,4658713
600,2021-09-13,225836445,4667871
601,2021-09-14,226386274,4677775
602,2021-09-15,226953125,4688201
603,2021-09-16,227540479,4698716
604,2021-09-17,228163698,4707779
605,2021-09-18,228687569,4714262
606,2021-09-19,229050966,4720360
607,2021-09-20,229581157,4728733
608,2021-09-21,230069837,4738088
609,2021-09-22,230604815,4747809
610,2021-09-23,231152445,4757656
611,2021-09-24,231701691,4766356
612,2021-09-25,232075693,4771829
613,2021-09-26,232431512,4777361
614,2021-09-27,232914281,4785135
615,2021-09-28,233365258,4794511
616,2021-09-29,233856235,4803804
617,2021-09-30,234346132,4812680
618,2021-10-01,234868134,4821315
619,2021-10-02,235218776,4827259
620,2021-10-03,235527819,4831615
621,2021-10-04,235974883,4838855
622,2021-10-05,236397732,4846217
623,2021-10-06,236904785,4855353
624,2021-10-07,237366619,4864310
625,2021-10-08,237842039,4871872
626,2021-10-09,238182243,4876698
627,2021-10-10,238498696,4881452
628,2021-10-11,238886684,4887418
629,2021-10-12,239324892,4895389
630,2021-10-13,239781314,4904291
631,2021-10-14,240234710,4912300
632,2021-10-15,240692696,4919505
633,2021-10-16,241034054,4924851
634,2021-10-17,241347355,4929210
635,2021-10-18,241775141,4935809
636,2021-10-19,242206709,4943758
637,2021-10-20,242683018,4952429
638,2021-10-21,243145068,4960196
639,2021-10-22,243637892,4968369
640,2021-10-23,244008150,4974256
641,2021-10-24,244317353,4978899
642,2021-10-25,244769753,4985790
643,2021-10-26,245196224,4993535
644,2021-10-27,245710221,5002670
645,2021-10-28,246193247,5011607
646,2021-10-29,246687330,5019428
647,2021-10-30,247061943,5025432
648,2021-10-31,247410790,5030069
649,2021-11-01,247868435,5036555
650,2021-11-02,248272884,5043629
651,2021-11-03,248797676,5052089
652,2021-11-04,249315133,5059658
653,2021-11-05,249839415,5068238
654,2021-11-06,250245164,5074885
655,2021-11-07,250585863,5079504
656,2021-11-08,251110911,5086314
657,2021-11-09,251580325,5094315
658,2021-11-10,252153854,5102578
659,2021-11-11,252674737,5110254
660,2021-11-12,253274490,5119251
661,2021-11-13,253670214,5125542
662,2021-11-14,254018493,5130270
663,2021-11-15,254620079,5137386
664,2021-11-16,255126904,5144998
665,2021-11-17,255742113,5154150
666,2021-11-18,256363770,5162439
667,2021-11-19,256978407,5170412
668,2021-11-20,257416423,5176440
669,2021-11-21,257796215,5181079
670,2021-11-22,258500870,5188530
671,2021-11-23,259093463,5196540
672,2021-11-24,259751368,5205110
673,2021-11-25,260348589,5212967
674,2021-11-26,260962280,5219862
675,2021-11-27,261381085,5225727
676,2021-11-28,261770875,5230630
677,2021-11-29,262513214,5238554
678,2021-11-30,263113681,5246577
679,2021-12-01,263816145,5255817
680,2021-12-02,264523382,5265978
681,2021-12-03,265254220,5274569
682,2021-12-04,265726430,5280087
683,2021-12-05,266146231,5287507
684,2021-12-06,266849953,5294966
685,2021-12-07,267489200,5302689
686,2021-12-08,268200544,5310986
687,2021-12-09,268898928,5319552
688,2021-12-10,269592462,5327568
689,2021-12-11,270059366,5333403
690,2021-12-12,270485916,5337997
691,2021-12-13,271179799,5344930
692,2021-12-14,271816596,5352663
693,2021-12-15,272556770,5361688
694,2021-12-16,273300997,5369034
695,2021-12-17,274068563,5376334
696,2021-12-18,274598505,5382005
697,2021-12-19,275083461,5386352
698,2021-12-20,275893527,5393631
699,2021-12-21,276652188,5401189
700,2021-12-22,277566671,5411559
701,2021-12-23,278578699,5418816
702,2021-12-24,279434799,5424511
703,2021-12-25,280116791,5428824
704,2021-12-26,280692270,5432656
705,2021-12-27,282033889,5439626
706,2021-12-28,283370260,5447300
707,2021-12-29,285075127,5455241
708,2021-12-30,287025253,5462660
709,2021-12-31,288728291,5469019
710,2022-01-01,289931428,5473282
711,2022-01-02,290849939,5476678
712,2022-01-03,293188320,5482492
713,2022-01-04,295801747,5491173
714,2022-01-05,298385756,5498943
715,2022-01-06,301054978,5506555
716,2022-01-07,304008616,5513806
717,2022-01-08,306145200,5519014
718,2022-01-09,308150282,5523075
719,2022-01-10,311401997,5529985
720,2022-01-11,314432404,5539088
721,2022-01-12,317879058,5548116
722,2022-01-13,321066163,5556348
723,2022-01-14,324382616,5564318
724,2022-01-15,326810379,5570448
725,2022-01-16,328981578,5574962
726,2022-01-17,331759391,5581472
727,2022-01-18,335523995,5590572
728,2022-01-19,339607276,5600509
729,2022-01-20,343341570,5610150
730,2022-01-21,347151687,5620108
731,2022-01-22,349801473,5626133
732,2022-01-23,352184811,5631303
733,2022-01-24,355817671,5640214
734,2022-01-25,359471485,5650697
735,2022-01-26,363233158,5661409
736,2022-01-27,366932890,5671713
737,2022-01-28,370611819,5684057
738,2022-01-29,373175361,5691951
739,2022-01-30,375352380,5697504
740,2022-01-31,379211855,5707928
741,2022-02-01,382341587,5720605
742,2022-02-02,385526232,5732521
743,2022-02-03,388720309,5744164
744,2022-02-04,391675874,5757335
745,2022-02-05,393779507,5765553
746,2022-02-06,395542316,5771531
747,2022-02-07,398516432,5782632
748,2022-02-08,401116122,5795427
749,2022-02-09,403549117,5808554
750,2022-02-10,406363391,5820436
751,2022-02-11,408788228,5832423
752,2022-02-12,410513339,5841073
753,2022-02-13,411919279,5846347
754,2022-02-14,413962163,5857576
755,2022-02-15,415832953,5868222
756,2022-02-16,418072759,5881335
757,2022-02-17,420135672,5893543
758,2022-02-18,422119106,5904181
759,2022-02-19,423596187,5912539
760,2022-02-20,424789720,5917919
761,2022-02-21,426495378,5925467
762,2022-02-22,428169102,5935518
763,2022-02-23,430086590,5947505
764,2022-02-24,431874501,5958316
765,2022-02-25,433528807,5967385
766,2022-02-26,434802795,5973927
767,2022-02-27,435854949,5978627
768,2022-02-28,437463827,5986294
769,2022-03-01,439062564,5994765
770,2022-03-02,440722439,6002946
771,2022-03-03,442497646,6011120
772,2022-03-04,444260070,6019817
773,2022-03-05,445550401,6025459
774,2022-03-06,446660147,6029686
775,2022-03-07,448401620,6037552
776,2022-03-08,449985919,6044438
777,2022-03-09,451976099,6052634
778,2022-03-10,453847080,6060159
779,2022-03-11,455719680,6066369
780,2022-03-12,457280387,6071102
781,2022-03-13,458418032,6074656
782,2022-03-14,460415942,6080255
783,2022-03-15,462225344,6085871
784,2022-03-16,464464205,6092759
785,2022-03-17,466542109,6099841
786,2022-03-18,468433636,6105602
787,2022-03-19,469913015,6109457
788,2022-03-20,470873843,6112784
789,2022-03-21,472753728,6128916
790,2022-03-22,474730951,6133991
791,2022-03-23,476534854,6139975
792,2022-03-24,478319055,6145245
793,2022-03-25,480078626,6154420
794,2022-03-26,481203035,6157240
795,2022-03-27,482053796,6159875
796,2022-03-28,483898093,6164157
797,2022-03-29,485649915,6168605
798,2022-03-30,487247590,6173509
799,2022-03-31,488810861,6178001
800,2022-04-01,490229883,6182878
801,2022-04-02,491102544,6185451
802,2022-04-03,491795689,6187345
803,2022-04-04,493029039,6190722
804,2022-04-05,494394436,6194890
805,2022-04-06,495614407,6199209
806,2022-04-07,496892754,6203530
807,2022-04-08,498067151,6207458
808,2022-04-09,498809406,6209802
809,2022-04-10,499371019,6211574
810,2022-04-11,500357346,6214427
811,2022-04-12,501476932,6217706
812,2022-04-13,502551958,6221772
813,2022-04-14,503514561,6225333
814,2022-04-15,504173546,6227807
815,2022-04-16,504728004,6229417
816,2022-04-17,505135766,6230953
817,2022-04-18,505593027,6232516
818,2022-04-19,506611148,6235533
819,2022-04-20,507572864,6239694
820,2022-04-21,508494564,6242784
821,2022-04-22,509326073,6245549
822,2022-04-23,509804848,6247151
823,2022-04-24,510170201,6248317
824,2022-04-25,510807207,6250454
825,2022-04-26,511586152,6254734
826,2022-04-27,512270545,6257861
827,2022-04-28,513029820,6260860
828,2022-04-29,513674263,6263399
829,2022-04-30,514028003,6264863
830,2022-05-01,514337424,6266066
831,2022-05-02,514784854,6267807
832,2022-05-03,515456909,6270002
833,2022-05-04,516084404,6273723
834,2022-05-05,516684038,6275963
835,2022-05-06,517314925,6278096
836,2022-05-07,517654258,6279250
837,2022-05-08,517933111,6280091
838,2022-05-09,518623538,6281977
839,2022-05-10,519264799,6283976
840,2022-05-11,519959508,6286202
841,2022-05-12,520612153,6288197
842,2022-05-13,521185114,6290079
843,2022-05-14,521623840,6291043
844,2022-05-15,521997492,6291822
845,2022-05-16,522587922,6293400
846,2022-05-17,523196288,6295253
847,2022-05-18,523956899,6297614
848,2022-05-19,524552967,6299347
849,2022-05-20,525179079,6301345
850,2022-05-21,525546242,6302438
851,2022-05-22,525862056,6303048
852,2022-05-23,526355204,6304610
853,2022-05-24,526949796,6306262
854,2022-05-25,527593755,6308875
855,2022-05-26,528096493,6310309
856,2022-05-27,528666149,6312283
857,2022-05-28,528995178,6313120
858,2022-05-29,529271873,6313739
859,2022-05-30,529616224,6314848
860,2022-05-31,530241569,6316371
861,2022-06-01,530939976,6318382
862,2022-06-02,531470716,6320070
863,2022-06-03,532014270,6321601
864,2022-06-04,532267351,6322293
865,2022-06-05,532530338,6323106
866,2022-06-06,532965247,6324071
867,2022-06-07,533576907,6326085
868,2022-06-08,534283486,6328655
869,2022-06-09,534848531,6330211
870,2022-06-10,535405294,6331910
871,2022-06-11,535689085,6332832
872,2022-06-12,535887333,6333409
873,2022-06-13,536415150,6335097
874,2022-06-14,537272203,6336934
875,2022-06-15,537994296,6338929
876,2022-06-16,538577138,6340792
877,2022-06-17,539110151,6342051
878,2022-06-18,539338742,6342696
879,2022-06-19,539607241,6343376
880,2022-06-20,540362445,6344898
881,2022-06-21,541178509,6346630
882,2022-06-22,541984328,6348658
883,2022-06-23,542767959,6350472
884,2022-06-24,543545293,6352244
885,2022-06-25,543862216,6353044
886,2022-06-26,544148980,6353707
887,2022-06-27,545021364,6355178
888,2022-06-28,545963319,6357110
889,2022-06-29,546896134,6358937
890,2022-06-30,547974317,6360329
891,2022-07-01,548925491,6362195
892,2022-07-02,549284928,6363030
893,2022-07-03,549643412,6363765
894,2022-07-04,550495502,6364917
895,2022-07-05,551700794,6367127
896,2022-07-06,552926114,6369463
897,2022-07-07,553979237,6372169
898,2022-07-08,554985885,6374458
899,2022-07-09,555489725,6375501
900,2022-07-10,555912593,6376347
901,2022-07-11,556965871,6378130
902,2022-07-12,558188894,6380590
903,2022-07-13,559615969,6383201
904,2022-07-14,560618337,6385278
905,2022-07-15,561620875,6387586
906,2022-07-16,562173878,6388670
907,2022-07-17,562633320,6389656
908,2022-07-18,563831363,6391734
909,2022-07-19,565376142,6394813
910,2022-07-20,566978238,6397714
911,2022-07-21,568132310,6400258
912,2022-07-22,569227609,6403118
913,2022-07-23,569864429,6404405
914,2022-07-24,570415520,6405438
915,2022-07-25,571389219,6407386
916,2022-07-26,572585879,6410303
917,2022-07-27,574012504,6413653
918,2022-07-28,575128637,6416416
919,2022-07-29,576504042,6419438
920,2022-07-30,577080293,6420533
921,2022-07-31,577625050,6421448
922,2022-08-01,578498268,6423883
923,2022-08-02,579688847,6426763
924,2022-08-03,580844327,6429907
925,2022-08-04,582298507,6433081
926,2022-08-05,583199840,6436031
927,2022-08-06,584378161,6437762
928,2022-08-07,584876085,6438704
929,2022-08-08,585692322,6441006
930,2022-08-09,586732558,6444566
931,2022-08-10,587759595,6447272
932,2022-08-11,588765069,6450479
933,2022-08-12,589518048,6453293
934,2022-08-13,590154612,6454777
935,2022-08-14,590615366,6455771
936,2022-08-15,591470649,6458166
937,2022-08-16,592553956,6461602
938,2022-08-17,593544473,6464838
939,2022-08-18,594489234,6467820
940,2022-08-19,595290702,6470533
941,2022-08-20,595865130,6471724
942,2022-08-21,596349664,6473445
943,2022-08-22,597060819,6474866
944,2022-08-23,597949972,6477794
945,2022-08-24,598834543,6480950
946,2022-08-25,599699548,6483907
947,2022-08-26,600401903,6486436
948,2022-08-27,600854582,6487647
949,2022-08-28,601260827,6488670
950,2022-08-29,601837965,6490683
951,2022-08-30,602585861,6493182
952,2022-08-31,603339040,6496550
953,2022-09-01,604018804,6499102
954,2022-09-02,604676287,6501819
955,2022-09-03,605052969,6502896
956,2022-09-04,605423358,6504007
957,2022-09-05,605881148,6505453
958,2022-09-06,606554997,6507768
959,2022-09-07,607171546,6509944
960,2022-09-08,607755506,6512183
961,2022-09-09,608281134,6514478
962,2022-09-10,608594366,6515421
963,2022-09-11,608908659,6516207
964,2022-09-12,609393741,6517720
965,2022-09-13,609942218,6519702
966,2022-09-14,610640243,6522032
967,2022-09-15,611251541,6524602
968,2022-09-16,611707437,6526611
969,2022-09-17,612002534,6527461
970,2022-09-18,612257111,6528049
971,2022-09-19,612673963,6529431
972,2022-09-20,613227572,6531261
973,2022-09-21,613745750,6533318
974,2022-09-22,614365390,6535513
975,2022-09-23,614883451,6537341
976,2022-09-24,615148616,6538177
977,2022-09-25,615371539,6538685
978,2022-09-26,615794219,6540058
979,2022-09-27,616393758,6541661
980,2022-09-28,616943716,6544003
981,2022-09-29,617587849,6546289
982,2022-09-30,618060372,6547762
983,2022-10-01,618301429,6548432
984,2022-10-02,618502138,6548998
985,2022-10-03,618822004,6550361
986,2022-10-04,619422193,6551963
987,2022-10-05,620005197,6554150
988,2022-10-06,620645800,6556162
989,2022-10-07,621221027,6557961
990,2022-10-08,621440044,6558674
991,2022-10-09,621658996,6559308
992,2022-10-10,622112629,6560625
993,2022-10-11,622802836,6562536
994,2022-10-12,623353219,6564438
995,2022-10-13,624016113,6566543
996,2022-10-14,624494008,6568259
997,2022-10-15,624712097,6569036
998,2022-10-16,624904267,6569584
999,2022-10-17,625380762,6571344
1000,2022-10-18,626009472,6573191
1001,2022-10-19,626536431,6575434
1002,2022-10-20,627131819,6577637
1003,2022-10-21,627563033,6579639
1004,2022-10-22,627745374,6580259
1005,2022-10-23,627906174,6580853
1006,2022-10-24,628292158,6582173
1007,2022-10-25,628887107,6584353
1008,2022-10-26,629354131,6586858
1009,2022-10-27,629825004,6588984
1010,2022-10-28,630188852,6590467
1011,2022-10-29,630387961,6591138
1012,2022-10-30,630555274,6591741
1013,2022-10-31,630855587,6592962
1014,2022-11-01,631257223,6595764
1015,2022-11-02,631605553,6597350
1016,2022-11-03,632099160,6599695
1017,2022-11-04,632543650,6601673
1018,2022-11-05,632744972,6602286
1019,2022-11-06,632931615,6602830
1020,2022-11-07,633236212,6603974
1021,2022-11-08,633687028,6605250
1022,2022-11-09,634121053,6607365
1023,2022-11-10,634581453,6609457
1024,2022-11-11,635069827,6611165
1025,2022-11-12,635312334,6611612
1026,2022-11-13,635495843,6612117
1027,2022-11-14,635842682,6613462
1028,2022-11-15,636346431,6614527
1029,2022-11-16,636832747,6616833
1030,2022-11-17,637312096,6618875
1031,2022-11-18,637942820,6621234
1032,2022-11-19,638190175,6621728
1033,2022-11-20,638412606,6622317
1034,2022-11-21,638754188,6623443
1035,2022-11-22,639328415,6625184
1036,2022-11-23,639919189,6627291
1037,2022-11-24,640339580,6628690
1038,2022-11-25,641037771,6630892
1039,2022-11-26,641308397,6631404
1040,2022-11-27,641571858,6631994
1041,2022-11-28,641977647,6633172
1042,2022-11-29,642708342,6634772
1043,2022-11-30,643244123,6636401
1044,2022-12-01,643950364,6638794
1045,2022-12-02,644711955,6641139
1046,2022-12-03,645011864,6641748
1047,2022-12-04,645269011,6642384
1048,2022-12-05,645774500,6643774
1049,2022-12-06,646399010,6645516
1050,2022-12-07,647032502,6647694
1051,2022-12-08,647841604,6650703
1052,2022-12-09,648512056,6652882
1053,2022-12-10,648786733,6653491
1054,2022-12-11,649085967,6654152
1055,2022-12-12,649658720,6655818
1056,2022-12-13,650436793,6657780
1057,2022-12-14,651122541,6660233
1058,2022-12-15,651873247,6663038
1059,2022-12-16,652605304,6665736
1060,2022-12-17,652905777,6666547
1061,2022-12-18,653189501,6667338
1062,2022-12-19,653775912,6669159
1063,2022-12-20,654484792,6671373
1064,2022-12-21,655205564,6673938
1065,2022-12-22,655963530,6676603
1066,2022-12-23,656604975,6679286
1067,2022-12-24,656949354,6680275
1068,2022-12-25,657135648,6681140
1069,2022-12-26,657655053,6682247
1070,2022-12-27,658309208,6684351
1071,2022-12-28,658946340,6687147
1072,2022-12-29,659617625,6690067
1073,2022-12-30,660199728,6692483
1074,2022-12-31,660463792,6693376
1075,2023-01-01,660778387,6694422
1076,2023-01-02,661198108,6695785
1077,2023-01-03,661660893,6698027
1078,2023-01-04,662231345,6700950
1079,2023-01-05,662966595,6704613
1080,2023-01-06,663685449,6707751
1081,2023-01-07,664042494,6708702
1082,2023-01-08,664369944,6709761
1083,2023-01-09,664718936,6711921
1084,2023-01-10,665113877,6714281
1085,2023-01-11,665620426,6717557
1086,2023-01-12,666097539,6720999
1087,2023-01-13,666533383,6723980
1088,2023-01-14,666754735,6724994
1089,2023-01-15,666951599,6785897
1090,2023-01-16,667166217,6787220
1091,2023-01-17,667518310,6789239
1092,2023-01-18,667896028,6792400
1093,2023-01-19,668220526,6796012
1094,2023-01-20,668562246,6799459
1095,2023-01-21,668715650,6812953
1096,2023-01-22,668830077,6813633
1097,2023-01-23,669001131,6815188
1098,2023-01-24,669272951,6817236
1099,2023-01-25,669567171,6819539
1100,2023-01-26,669848920,6822660
1101,2023-01-27,670086844,6824464
1102,2023-01-28,670220207,6831519
1103,2023-01-29,670344054,6832256
1104,2023-01-30,670503932,6833468
1105,2023-01-31,670734589,6835338
1106,2023-02-01,671032404,6838027
1107,2023-02-02,671291489,6840771
1108,2023-02-03,671529548,6843097
1109,2023-02-04,671632287,6847046
1110,2023-02-05,671721476,6847646
1111,2023-02-06,671867463,6848667
1112,2023-02-07,672065240,6849942
1113,2023-02-08,672295338,6851942
1114,2023-02-09,672554241,6854280
1115,2023-02-10,672696324,6855413
1116,2023-02-11,672828531,6856046
1117,2023-02-12,672906177,6856419
1118,2023-02-13,673044131,6857217
1119,2023-02-14,673237731,6858411
1120,2023-02-15,673477639,6859933
1121,2023-02-16,673685532,6862019
1122,2023-02-17,673878833,6863873
1123,2023-02-18,673969796,6864248
1124,2023-02-19,674056229,6864711
1125,2023-02-20,674143589,6865287
1126,2023-02-21,674323721,6866088
1127,2023-02-22,674569824,6867909
1128,2023-02-23,674790916,6869817
1129,2023-02-24,674933342,6870806
1130,2023-02-25,674978793,6871024
1131,2023-02-26,675044414,6871268
1132,2023-02-27,675171439,6871808
1133,2023-02-28,675322238,6872682
1134,2023-03-01,675542852,6874463
1135,2023-03-02,675731911,6876031
1136,2023-03-03,675914580,6877325
1137,2023-03-04,675968775,6877601
1138,2023-03-05,676024901,6877749
1139,2023-03-06,676082941,6878115
1140,2023-03-07,676213378,6879038
1141,2023-03-08,676392824,6880483
1142,2023-03-09,676570149,6881802
