,Date,SK_Confirmed_Cases,SK_Death_Cases
0,3/13/20,2,0
1,3/14/20,2,0
2,3/15/20,2,0
3,3/16/20,7,0
4,3/17/20,7,0
5,3/18/20,8,0
6,3/19/20,16,0
7,3/20/20,20,0
8,3/21/20,26,0
9,3/22/20,52,0
10,3/23/20,66,0
11,3/24/20,72,0
12,3/25/20,86,0
13,3/26/20,95,0
14,3/27/20,104,0
15,3/28/20,134,0
16,3/29/20,134,0
17,3/30/20,175,2
18,3/31/20,184,2
19,4/1/20,193,3
20,4/2/20,206,3
21,4/3/20,220,3
22,4/4/20,231,3
23,4/5/20,249,3
24,4/6/20,253,3
25,4/7/20,260,3
26,4/8/20,271,3
27,4/9/20,278,3
28,4/10/20,285,3
29,4/11/20,289,4
30,4/12/20,298,4
31,4/13/20,300,4
32,4/14/20,301,4
33,4/15/20,304,4
34,4/16/20,305,4
35,4/17/20,307,4
36,4/18/20,313,4
37,4/19/20,315,4
38,4/20/20,316,4
39,4/21/20,320,4
40,4/22/20,326,4
41,4/23/20,331,4
42,4/24/20,341,4
43,4/25/20,349,4
44,4/26/20,353,4
45,4/27/20,365,5
46,4/28/20,366,5
47,4/29/20,383,6
48,4/30/20,389,6
49,5/1/20,415,6
50,5/2/20,421,6
51,5/3/20,433,6
52,5/4/20,467,6
53,5/5/20,487,6
54,5/6/20,512,6
55,5/7/20,531,6
56,5/8/20,544,6
57,5/9/20,553,6
58,5/10/20,564,6
59,5/11/20,568,6
60,5/12/20,573,6
61,5/13/20,577,6
62,5/14/20,582,6
63,5/15/20,590,6
64,5/16/20,591,6
65,5/17/20,592,6
66,5/18/20,592,6
67,5/19/20,599,6
68,5/20/20,620,6
69,5/21/20,622,7
70,5/22/20,627,7
71,5/23/20,630,7
72,5/24/20,632,7
73,5/25/20,634,7
74,5/26/20,634,8
75,5/27/20,637,10
76,5/28/20,639,10
77,5/29/20,641,10
78,5/30/20,645,10
79,5/31/20,646,11
80,6/1/20,646,11
81,6/2/20,646,11
82,6/3/20,647,11
83,6/4/20,648,11
84,6/5/20,649,11
85,6/6/20,650,11
86,6/7/20,650,11
87,6/8/20,654,13
88,6/9/20,656,13
89,6/10/20,658,13
90,6/11/20,660,13
91,6/12/20,663,13
92,6/13/20,664,13
93,6/14/20,665,13
94,6/15/20,683,13
95,6/16/20,684,13
96,6/17/20,693,13
97,6/18/20,708,13
98,6/19/20,716,13
99,6/20/20,726,13
100,6/21/20,746,13
101,6/22/20,751,13
102,6/23/20,753,13
103,6/24/20,757,13
104,6/25/20,759,13
105,6/26/20,772,13
106,6/27/20,777,13
107,6/28/20,778,13
108,6/29/20,779,13
109,6/30/20,785,13
110,7/1/20,785,13
111,7/2/20,795,14
112,7/3/20,796,14
113,7/4/20,796,14
114,7/5/20,796,14
115,7/6/20,805,14
116,7/7/20,806,15
117,7/8/20,808,15
118,7/9/20,813,15
119,7/10/20,815,15
120,7/11/20,815,15
121,7/12/20,815,15
122,7/13/20,871,15
123,7/14/20,876,15
124,7/15/20,881,15
125,7/16/20,923,15
126,7/17/20,936,15
127,7/18/20,941,15
128,7/19/20,943,15
129,7/20/20,962,15
130,7/21/20,970,15
131,7/22/20,1030,15
132,7/23/20,1072,16
133,7/24/20,1099,16
134,7/25/20,1136,16
135,7/26/20,1178,16
136,7/27/20,1209,16
137,7/28/20,1218,17
138,7/29/20,1268,17
139,7/30/20,1306,18
140,7/31/20,1319,18
141,8/1/20,1334,18
142,8/2/20,1342,18
143,8/3/20,1359,18
144,8/4/20,1368,18
145,8/5/20,1376,18
146,8/6/20,1387,19
147,8/7/20,1409,20
148,8/8/20,1433,20
149,8/9/20,1445,20
150,8/10/20,1450,20
151,8/11/20,1479,20
152,8/12/20,1484,20
153,8/13/20,1511,20
154,8/14/20,1541,20
155,8/15/20,1566,21
156,8/16/20,1580,22
157,8/17/20,1581,22
158,8/18/20,1582,22
159,8/19/20,1586,22
160,8/20/20,1590,22
161,8/21/20,1595,22
162,8/22/20,1597,22
163,8/23/20,1600,22
164,8/24/20,1601,22
165,8/25/20,1601,23
166,8/26/20,1604,24
167,8/27/20,1609,24
168,8/28/20,1611,24
169,8/29/20,1615,24
170,8/30/20,1615,24
171,8/31/20,1619,24
172,9/1/20,1622,24
173,9/2/20,1624,24
174,9/3/20,1634,24
175,9/4/20,1638,24
176,9/5/20,1643,24
177,9/6/20,1651,24
178,9/7/20,1662,24
179,9/8/20,1669,24
180,9/9/20,1670,24
181,9/10/20,1676,24
182,9/11/20,1688,24
183,9/12/20,1709,24
184,9/13/20,1726,24
185,9/14/20,1731,24
186,9/15/20,1741,24
187,9/16/20,1751,24
188,9/17/20,1757,24
189,9/18/20,1776,24
190,9/19/20,1787,24
191,9/20/20,1807,24
192,9/21/20,1814,24
193,9/22/20,1824,24
194,9/23/20,1830,24
195,9/24/20,1835,24
196,9/25/20,1846,24
197,9/26/20,1863,24
198,9/27/20,1878,24
199,9/28/20,1892,24
200,9/29/20,1899,24
201,9/30/20,1913,24
202,10/1/20,1927,24
203,10/2/20,1940,24
204,10/3/20,1954,24
205,10/4/20,1959,24
206,10/5/20,1968,24
207,10/6/20,1984,24
208,10/7/20,1994,24
209,10/8/20,2012,24
210,10/9/20,2034,24
211,10/10/20,2068,24
212,10/11/20,2092,25
213,10/12/20,2140,25
214,10/13/20,2174,25
215,10/14/20,2199,25
216,10/15/20,2232,25
217,10/16/20,2270,25
218,10/17/20,2306,25
219,10/18/20,2330,25
220,10/19/20,2396,25
221,10/20/20,2439,25
222,10/21/20,2496,25
223,10/22/20,2558,25
224,10/23/20,2591,25
225,10/24/20,2669,25
226,10/25/20,2729,25
227,10/26/20,2783,25
228,10/27/20,2841,25
229,10/28/20,2908,25
230,10/29/20,2990,25
231,10/30/20,3066,25
232,10/31/20,3144,25
233,11/1/20,3218,25
234,11/2/20,3292,25
235,11/3/20,3373,25
236,11/4/20,3408,25
237,11/5/20,3536,25
238,11/6/20,3623,25
239,11/7/20,3738,27
240,11/8/20,3897,28
241,11/9/20,4087,29
242,11/10/20,4214,29
243,11/11/20,4326,29
244,11/12/20,4437,29
245,11/13/20,4513,29
246,11/14/20,4820,29
247,11/15/20,5001,31
248,11/16/20,5182,31
249,11/17/20,5422,31
250,11/18/20,5553,32
251,11/19/20,5651,32
252,11/20/20,5804,33
253,11/21/20,6237,33
254,11/22/20,6473,33
255,11/23/20,6708,37
256,11/24/20,6883,37
257,11/25/20,7047,37
258,11/26/20,7362,40
259,11/27/20,7691,44
260,11/28/20,7888,45
261,11/29/20,8239,45
262,11/30/20,8564,47
263,12/1/20,8745,51
264,12/2/20,8982,53
265,12/3/20,9243,54
266,12/4/20,9526,55
267,12/5/20,9729,55
268,12/6/20,10138,59
269,12/7/20,10411,60
270,12/8/20,10596,66
271,12/9/20,10898,71
272,12/10/20,11222,75
273,12/11/20,11473,75
274,12/12/20,11747,86
275,12/13/20,11969,89
276,12/14/20,12236,91
277,12/15/20,12430,98
278,12/16/20,12592,98
279,12/17/20,12830,105
280,12/18/20,13075,107
281,12/19/20,13327,115
282,12/20/20,13553,118
283,12/21/20,13759,122
284,12/22/20,13941,125
285,12/23/20,14100,130
286,12/24/20,14254,134
287,12/25/20,14483,134
288,12/26/20,14615,134
289,12/27/20,14813,141
290,12/28/20,14907,141
291,12/29/20,15021,151
292,12/30/20,15159,154
293,12/31/20,15349,155
294,1/1/21,15634,155
295,1/2/21,15844,158
296,1/3/21,16080,158
297,1/4/21,16367,160
298,1/5/21,16520,165
299,1/6/21,16804,174
300,1/7/21,17139,177
301,1/8/21,17475,184
302,1/9/21,17807,191
303,1/10/21,18114,191
304,1/11/21,18526,199
305,1/12/21,18774,204
306,1/13/21,19021,206
307,1/14/21,19333,206
308,1/15/21,19715,210
309,1/16/21,19985,212
310,1/17/21,20272,215
311,1/18/21,20562,219
312,1/19/21,20871,225
313,1/20/21,21112,226
314,1/21/21,21338,239
315,1/22/21,21643,247
316,1/23/21,21917,250
317,1/24/21,22177,253
318,1/25/21,22416,254
319,1/26/21,22646,268
320,1/27/21,22794,274
321,1/28/21,23038,285
322,1/29/21,23366,292
323,1/30/21,23626,300
324,1/31/21,23864,304
325,2/1/21,24011,306
326,2/2/21,24236,314
327,2/3/21,24430,322
328,2/4/21,24680,329
329,2/5/21,24946,332
330,2/6/21,25209,336
331,2/7/21,25403,339
332,2/8/21,25574,341
333,2/9/21,25654,346
334,2/10/21,25843,348
335,2/11/21,25957,348
336,2/12/21,26145,350
337,2/13/21,26389,354
338,2/14/21,26550,354
339,2/15/21,26693,354
340,2/16/21,26829,357
341,2/17/21,26953,362
342,2/18/21,27099,362
343,2/19/21,27245,365
344,2/20/21,27438,368
345,2/21/21,27620,372
346,2/22/21,27797,372
347,2/23/21,27923,376
348,2/24/21,27980,379
349,2/25/21,28191,380
350,2/26/21,28344,380
351,2/27/21,28506,385
352,2/28/21,28647,385
353,3/1/21,28801,385
354,3/2/21,28938,387
355,3/3/21,29059,389
356,3/4/21,29220,391
357,3/5/21,29430,393
358,3/6/21,29593,396
359,3/7/21,29709,398
360,3/8/21,29805,399
361,3/9/21,29918,400
362,3/10/21,30028,401
363,3/11/21,30193,401
364,3/12/21,30369,404
365,3/13/21,30522,405
366,3/14/21,30617,407
367,3/15/21,30727,407
368,3/16/21,30883,409
369,3/17/21,30970,410
370,3/18/21,31085,411
371,3/19/21,31259,414
372,3/20/21,31459,417
373,3/21/21,31637,418
374,3/22/21,31841,418
375,3/23/21,31991,419
376,3/24/21,32178,420
377,3/25/21,32346,422
378,3/26/21,32559,430
379,3/27/21,32783,430
380,3/28/21,33031,433
381,3/29/21,33235,433
382,3/30/21,33399,434
383,3/31/21,33590,436
384,4/1/21,33789,436
385,4/2/21,34043,436
386,4/3/21,34323,436
387,4/4/21,34544,439
388,4/5/21,34763,440
389,4/6/21,34982,443
390,4/7/21,35171,445
391,4/8/21,35390,447
392,4/9/21,35747,453
393,4/10/21,35984,453
394,4/11/21,36304,454
395,4/12/21,36604,455
396,4/13/21,36892,457
397,4/14/21,37091,458
398,4/15/21,37394,460
399,4/16/21,37624,462
400,4/17/21,37871,464
401,4/18/21,38158,465
402,4/19/21,38402,465
403,4/20/21,38652,465
404,4/21/21,38883,469
405,4/22/21,39147,470
406,4/23/21,39397,471
407,4/24/21,39683,473
408,4/25/21,39932,475
409,4/26/21,40177,476
410,4/27/21,40401,482
411,4/28/21,40614,486
412,4/29/21,40824,487
413,4/30/21,41098,491
414,5/1/21,41360,494
415,5/2/21,41598,495
416,5/3/21,41817,497
417,5/4/21,42006,499
418,5/5/21,42220,501
419,5/6/21,42400,501
420,5/7/21,42695,502
421,5/8/21,42964,502
422,5/9/21,43141,502
423,5/10/21,43295,502
424,5/11/21,43490,506
425,5/12/21,43703,508
426,5/13/21,43932,513
427,5/14/21,44168,515
428,5/15/21,44364,516
429,5/16/21,44531,517
430,5/17/21,44712,519
431,5/18/21,44841,522
432,5/19/21,44982,522
433,5/20/21,45128,522
434,5/21/21,45310,524
435,5/22/21,45490,526
436,5/23/21,45605,527
437,5/24/21,45709,527
438,5/25/21,45820,527
439,5/26/21,46001,528
440,5/27/21,46163,534
441,5/28/21,46285,536
442,5/29/21,46464,537
443,5/30/21,46635,538
444,5/31/21,46748,539
445,6/1/21,46834,540
446,6/2/21,46966,541
447,6/3/21,47097,543
448,6/4/21,47186,543
449,6/5/21,47285,546
450,6/6/21,47359,546
451,6/7/21,47427,549
452,6/8/21,47517,551
453,6/9/21,47591,552
454,6/10/21,47683,553
455,6/11/21,47769,554
456,6/12/21,47875,555
457,6/13/21,47941,555
458,6/14/21,47996,556
459,6/15/21,48042,560
460,6/16/21,48125,561
461,6/17/21,48220,561
462,6/18/21,48327,562
463,6/19/21,48381,562
464,6/20/21,48441,563
465,6/21/21,48469,564
466,6/22/21,48503,564
467,6/23/21,48537,565
468,6/24/21,48590,565
469,6/25/21,48644,565
470,6/26/21,48706,566
471,6/27/21,48754,566
472,6/28/21,48771,566
473,6/29/21,48823,568
474,6/30/21,48854,568
475,7/1/21,48861,568
476,7/2/21,48882,568
477,7/3/21,48931,568
478,7/4/21,48958,568
479,7/5/21,48978,568
480,7/6/21,48985,569
481,7/7/21,49039,570
482,7/8/21,49152,570
483,7/9/21,49198,571
484,7/10/21,49240,572
485,7/11/21,49260,573
486,7/12/21,49277,573
487,7/13/21,49304,573
488,7/14/21,49311,573
489,7/15/21,49341,573
490,7/16/21,49362,575
491,7/17/21,49397,575
492,7/18/21,49433,575
493,7/19/21,49450,575
494,7/20/21,49472,575
495,7/21/21,49525,575
496,7/22/21,49556,575
497,7/23/21,49608,577
498,7/24/21,49656,578
499,7/25/21,49683,578
500,7/26/21,49727,578
501,7/27/21,49765,578
502,7/28/21,49830,578
503,7/29/21,49882,578
504,7/30/21,49940,578
505,7/31/21,50024,578
506,8/1/21,50067,578
507,8/2/21,50096,578
508,8/3/21,50120,578
509,8/4/21,50181,579
510,8/5/21,50251,581
511,8/6/21,50338,582
512,8/7/21,50477,582
513,8/8/21,50558,582
514,8/9/21,50614,582
515,8/10/21,50679,584
516,8/11/21,50771,584
517,8/12/21,50909,586
518,8/13/21,51034,586
519,8/14/21,51162,586
520,8/15/21,51305,586
521,8/16/21,51392,586
522,8/17/21,51500,586
523,8/18/21,51631,586
524,8/19/21,51821,586
525,8/20/21,52065,586
526,8/21/21,52252,586
527,8/22/21,52472,586
528,8/23/21,52490,586
529,8/24/21,52629,592
530,8/25/21,52845,592
531,8/26/21,53004,594
532,8/27/21,53262,596
533,8/28/21,53617,597
534,8/29/21,53875,598
535,8/30/21,54076,601
536,8/31/21,54367,603
537,9/1/21,54688,607
538,9/2/21,54953,608
539,9/3/21,55396,610
540,9/4/21,55750,610
541,9/5/21,56139,611
542,9/6/21,56533,612
543,9/7/21,56838,613
544,9/8/21,57235,615
545,9/9/21,57520,616
546,9/10/21,57952,617
547,9/11/21,58293,618
548,9/12/21,58715,621
549,9/13/21,59164,625
550,9/14/21,59672,627
551,9/15/21,60149,629
552,9/16/21,60589,630
553,9/17/21,61065,637
554,9/18/21,61558,638
555,9/19/21,62101,639
556,9/20/21,62617,641
557,9/21/21,62989,646
558,9/22/21,63415,651
559,9/23/21,63875,658
560,9/24/21,64402,663
561,9/25/21,64949,667
562,9/26/21,65501,670
563,9/27/21,65894,672
564,9/28/21,66343,682
565,9/29/21,66737,685
566,9/30/21,67339,695
567,10/1/21,67810,700
568,10/2/21,68290,708
569,10/3/21,68644,711
570,10/4/21,69089,716
571,10/5/21,69331,726
572,10/6/21,69807,733
573,10/7/21,70457,737
574,10/8/21,71034,741
575,10/9/21,71526,746
576,10/10/21,72033,747
577,10/11/21,72458,751
578,10/12/21,72730,753
579,10/13/21,73035,764
580,10/14/21,73350,769
581,10/15/21,73662,773
582,10/16/21,74074,776
583,10/17/21,74394,781
584,10/18/21,74669,785
585,10/19/21,74939,793
586,10/20/21,75185,798
587,10/21/21,75540,800
588,10/22/21,75842,812
589,10/23/21,76074,817
590,10/24/21,76311,817
591,10/25/21,76481,817
592,10/26/21,76607,827
593,10/27/21,76830,832
594,10/28/21,77067,843
595,10/29/21,77305,846
596,10/30/21,77494,850
597,10/31/21,77664,851
598,11/1/21,77793,854
599,11/2/21,77902,859
600,11/3/21,78074,861
601,11/4/21,78262,861
602,11/5/21,78403,863
603,11/6/21,78567,866
604,11/7/21,78724,872
605,11/8/21,78824,873
606,11/9/21,78909,874
607,11/10/21,79030,878
608,11/11/21,79212,886
609,11/12/21,79334,891
610,11/13/21,79387,893
611,11/14/21,79497,894
612,11/15/21,79525,896
613,11/16/21,79610,897
614,11/17/21,79783,901
615,11/18/21,79936,905
616,11/19/21,80025,908
617,11/20/21,80278,910
618,11/21/21,80340,911
619,11/22/21,80413,912
620,11/23/21,80481,914
621,11/24/21,80571,914
622,11/25/21,80667,915
623,11/26/21,80775,916
624,11/27/21,80848,921
625,11/28/21,80901,925
626,11/29/21,80950,926
627,11/30/21,80992,926
628,12/1/21,81074,927
629,12/2/21,81145,928
630,12/3/21,81225,929
631,12/4/21,81293,929
632,12/5/21,81362,929
633,12/6/21,81410,931
634,12/7/21,81462,934
635,12/8/21,81510,936
636,12/9/21,81572,936
637,12/10/21,81646,937
638,12/11/21,81780,937
639,12/12/21,81817,937
640,12/13/21,81852,937
641,12/14/21,81899,941
642,12/15/21,81960,941
643,12/16/21,82015,941
644,12/17/21,82069,942
645,12/18/21,82130,942
646,12/19/21,82208,942
647,12/20/21,82267,942
648,12/21/21,82334,943
649,12/22/21,82442,944
650,12/23/21,82640,945
651,12/24/21,82845,945
652,12/25/21,83086,945
653,12/26/21,83237,945
654,12/27/21,83373,945
655,12/28/21,83558,947
656,12/29/21,83855,951
657,12/30/21,84446,955
658,12/31/21,85188,955
659,1/1/22,85188,955
660,1/2/22,85188,955
661,1/3/22,85188,955
662,1/4/22,87167,960
663,1/5/22,87708,960
664,1/6/22,88638,961
665,1/7/22,89821,961
666,1/8/22,90765,961
667,1/9/22,91860,961
668,1/10/22,92940,961
669,1/11/22,94079,961
670,1/12/22,95174,961
671,1/13/22,96115,961
672,1/14/22,97545,961
673,1/15/22,98699,961
674,1/16/22,100173,961
675,1/17/22,101537,961
676,1/18/22,102641,961
677,1/19/22,103900,961
678,1/20/22,105070,961
679,1/21/22,106328,969
680,1/22/22,107842,972
681,1/23/22,109484,972
682,1/24/22,110398,975
683,1/25/22,111447,977
684,1/26/22,112693,983
685,1/27/22,113993,985
686,1/28/22,115405,987
687,1/29/22,116511,989
688,1/30/22,117858,990
689,1/31/22,118606,992
690,2/1/22,119272,993
691,2/2/22,119894,997
692,2/3/22,120743,1001
693,2/4/22,121516,1005
694,2/5/22,122525,1006
695,2/6/22,123258,1012
696,2/7/22,123258,1012
697,2/8/22,123258,1012
698,2/9/22,123258,1012
699,2/10/22,123258,1012
700,2/11/22,123258,1012
701,2/12/22,125780,1054
702,2/13/22,125780,1054
703,2/14/22,125780,1054
704,2/15/22,125780,1054
705,2/16/22,125780,1054
706,2/17/22,125780,1054
707,2/18/22,125780,1054
708,2/19/22,125780,1054
709,2/20/22,125780,1054
710,2/21/22,125780,1054
711,2/22/22,125780,1054
712,2/23/22,125780,1054
713,2/24/22,125780,1054
714,2/25/22,127187,1091
715,2/26/22,127187,1091
716,2/27/22,127187,1091
717,2/28/22,127187,1091
718,3/1/22,127187,1091
719,3/2/22,127187,1091
720,3/3/22,127187,1091
721,3/4/22,128289,1135
722,3/5/22,128289,1135
723,3/6/22,128289,1135
724,3/7/22,128289,1135
725,3/8/22,128289,1135
726,3/9/22,128289,1135
727,3/10/22,128289,1135
728,3/11/22,129301,1148
729,3/12/22,129301,1148
730,3/13/22,129301,1148
731,3/14/22,129301,1148
732,3/15/22,129301,1148
733,3/16/22,129301,1148
734,3/17/22,129301,1148
735,3/18/22,130133,1176
736,3/19/22,130133,1176
737,3/20/22,130133,1176
738,3/21/22,130133,1176
739,3/22/22,130133,1176
740,3/23/22,130133,1176
741,3/24/22,131028,1209
742,3/25/22,131028,1209
743,3/26/22,131028,1209
744,3/27/22,131028,1209
745,3/28/22,131028,1209
746,3/29/22,131028,1209
747,3/30/22,131028,1209
748,3/31/22,131028,1209
749,4/1/22,132224,1229
750,4/2/22,132224,1229
751,4/3/22,132224,1229
752,4/4/22,132224,1229
753,4/5/22,132224,1229
754,4/6/22,132224,1229
755,4/7/22,132224,1229
756,4/8/22,132224,1229
757,4/9/22,133256,1253
758,4/10/22,133256,1253
759,4/11/22,133256,1253
760,4/12/22,133256,1253
761,4/13/22,133256,1253
762,4/14/22,134307,1273
763,4/15/22,134307,1273
764,4/16/22,134307,1273
765,4/17/22,134307,1273
766,4/18/22,134307,1273
767,4/19/22,134307,1273
768,4/20/22,134307,1273
769,4/21/22,134307,1273
770,4/22/22,135197,1295
771,4/23/22,135197,1295
772,4/24/22,135197,1295
773,4/25/22,135197,1295
774,4/26/22,135197,1295
775,4/27/22,135197,1295
776,4/28/22,135197,1295
777,4/29/22,136026,1309
778,4/30/22,136026,1309
779,5/1/22,136026,1309
780,5/2/22,136026,1309
781,5/3/22,136026,1309
782,5/4/22,136026,1309
783,5/5/22,136026,1309
784,5/6/22,136792,1323
785,5/7/22,136792,1323
786,5/8/22,136792,1323
787,5/9/22,136792,1323
788,5/10/22,136792,1323
789,5/11/22,136792,1323
790,5/12/22,136792,1323
791,5/13/22,137502,1342
792,5/14/22,137502,1342
793,5/15/22,137502,1342
794,5/16/22,137502,1342
795,5/17/22,137502,1342
796,5/18/22,137502,1342
797,5/19/22,137502,1342
798,5/20/22,137967,1364
799,5/21/22,137967,1364
800,5/22/22,137967,1364
801,5/23/22,137967,1364
802,5/24/22,137967,1364
803,5/25/22,137967,1364
804,5/26/22,137967,1364
805,5/27/22,138343,1376
806,5/28/22,138343,1376
807,5/29/22,138343,1376
808,5/30/22,138343,1376
809,5/31/22,138343,1376
810,6/1/22,138343,1376
811,6/2/22,138343,1376
812,6/3/22,138707,1385
813,6/4/22,138707,1385
814,6/5/22,138707,1385
815,6/6/22,138707,1385
816,6/7/22,138707,1385
817,6/8/22,138707,1385
818,6/9/22,138707,1385
819,6/10/22,139224,1398
820,6/11/22,139224,1398
821,6/12/22,139224,1398
822,6/13/22,139224,1398
823,6/14/22,139224,1398
824,6/15/22,139224,1398
825,6/16/22,139224,1398
826,6/17/22,139224,1398
827,6/18/22,139455,1401
828,6/19/22,139455,1401
829,6/20/22,139455,1401
830,6/21/22,139455,1401
831,6/22/22,139455,1401
832,6/23/22,139455,1401
833,6/24/22,139455,1401
834,6/25/22,139663,1403
835,6/26/22,139663,1403
836,6/27/22,139663,1403
837,6/28/22,139663,1403
838,6/29/22,139663,1403
839,6/30/22,139663,1403
840,7/1/22,139663,1403
841,7/2/22,139663,1403
842,7/3/22,139663,1403
843,7/4/22,139663,1403
844,7/5/22,139663,1403
845,7/6/22,139663,1403
846,7/7/22,139663,1403
847,7/8/22,139663,1403
848,7/9/22,139663,1403
849,7/10/22,139663,1403
850,7/11/22,139663,1403
851,7/12/22,139663,1403
852,7/13/22,139663,1403
853,7/14/22,139663,1403
854,7/15/22,139663,1417
855,7/16/22,139663,1417
856,7/17/22,139663,1417
857,7/18/22,139663,1417
858,7/19/22,139663,1417
859,7/20/22,139663,1417
860,7/21/22,139663,1417
861,7/22/22,140291,1438
862,7/23/22,140291,1438
863,7/24/22,140291,1438
864,7/25/22,140291,1438
865,7/26/22,140291,1438
866,7/27/22,140291,1438
867,7/28/22,140291,1438
868,7/29/22,140291,1438
869,7/30/22,140291,1438
870,7/31/22,140291,1438
871,8/1/22,140291,1438
872,8/2/22,140291,1438
873,8/3/22,140291,1438
874,8/4/22,140291,1438
875,8/5/22,140291,1438
876,8/6/22,140291,1438
877,8/7/22,140291,1438
878,8/8/22,140291,1438
879,8/9/22,140291,1438
880,8/10/22,140291,1438
881,8/11/22,140291,1438
882,8/12/22,140291,1438
883,8/13/22,140291,1438
884,8/14/22,140291,1438
885,8/15/22,140291,1438
886,8/16/22,140291,1438
887,8/17/22,140291,1438
888,8/18/22,140291,1438
889,8/19/22,141815,1479
890,8/20/22,141815,1479
891,8/21/22,141815,1479
892,8/22/22,141815,1479
893,8/23/22,141815,1479
894,8/24/22,141815,1479
895,8/25/22,141815,1479
896,8/26/22,141815,1479
897,8/27/22,141815,1479
898,8/28/22,141815,1479
899,8/29/22,141815,1479
900,8/30/22,141815,1479
901,8/31/22,141815,1479
902,9/1/22,141815,1479
903,9/2/22,141815,1479
904,9/3/22,141815,1479
905,9/4/22,141815,1479
906,9/5/22,141815,1479
907,9/6/22,141815,1479
908,9/7/22,141815,1479
909,9/8/22,141815,1479
910,9/9/22,141815,1479
911,9/10/22,141815,1479
912,9/11/22,141815,1479
913,9/12/22,141815,1479
914,9/13/22,141815,1479
915,9/14/22,141815,1479
916,9/15/22,141815,1479
917,9/16/22,143747,1507
918,9/17/22,143747,1507
919,9/18/22,143747,1507
920,9/19/22,143747,1507
921,9/20/22,143747,1507
922,9/21/22,143747,1507
923,9/22/22,143747,1507
924,9/23/22,143747,1507
925,9/24/22,143747,1507
926,9/25/22,143747,1507
927,9/26/22,143747,1507
928,9/27/22,143747,1507
929,9/28/22,143747,1507
930,9/29/22,143747,1507
931,9/30/22,143747,1507
932,10/1/22,143747,1507
933,10/2/22,143747,1507
934,10/3/22,143747,1507
935,10/4/22,143747,1507
936,10/5/22,143747,1507
937,10/6/22,143747,1507
938,10/7/22,143747,1507
939,10/8/22,143747,1507
940,10/9/22,143747,1507
941,10/10/22,143747,1507
942,10/11/22,143747,1507
943,10/12/22,143747,1507
944,10/13/22,143747,1507
945,10/14/22,145734,1566
946,10/15/22,145734,1566
947,10/16/22,145734,1566
948,10/17/22,145734,1566
949,10/18/22,145734,1566
950,10/19/22,145734,1566
951,10/20/22,145734,1566
952,10/21/22,145734,1566
953,10/22/22,145734,1566
954,10/23/22,145734,1566
955,10/24/22,145734,1566
956,10/25/22,145734,1566
957,10/26/22,145734,1566
958,10/27/22,145734,1566
959,10/28/22,146888,1604
960,10/29/22,146888,1604
961,10/30/22,146888,1604
962,10/31/22,146888,1604
963,11/1/22,146888,1604
964,11/2/22,146888,1604
965,11/3/22,146888,1604
966,11/4/22,146888,1604
967,11/5/22,146888,1604
968,11/6/22,146888,1604
969,11/7/22,146888,1604
970,11/8/22,146888,1604
971,11/9/22,146888,1604
972,11/10/22,146888,1604
973,11/11/22,146888,1604
974,11/12/22,146888,1604
975,11/13/22,146888,1604
976,11/14/22,146888,1604
977,11/15/22,148288,1662
978,11/16/22,148288,1662
979,11/17/22,148288,1662
980,11/18/22,148288,1662
981,11/19/22,148288,1662
982,11/20/22,148288,1662
983,11/21/22,148288,1662
984,11/22/22,148288,1662
985,11/23/22,148288,1662
986,11/24/22,148288,1662
987,11/25/22,148288,1662
988,11/26/22,148288,1662
989,11/27/22,148288,1662
990,11/28/22,149189,1701
991,11/29/22,149189,1701
992,11/30/22,149189,1701
993,12/1/22,149189,1701
994,12/2/22,149189,1701
995,12/3/22,149189,1701
996,12/4/22,149189,1701
997,12/5/22,149189,1701
998,12/6/22,149189,1701
999,12/7/22,149189,1701
1000,12/8/22,149189,1701
1001,12/9/22,149189,1701
1002,12/10/22,149189,1701
1003,12/11/22,149189,1701
1004,12/12/22,150003,1750
1005,12/13/22,150003,1750
1006,12/14/22,150003,1750
1007,12/15/22,150003,1750
1008,12/16/22,150003,1750
1009,12/17/22,150003,1750
1010,12/18/22,150003,1750
1011,12/19/22,150003,1750
1012,12/20/22,150003,1750
1013,12/21/22,150003,1750
1014,12/22/22,150003,1750
1015,12/23/22,150942,1781
1016,12/24/22,150942,1781
1017,12/25/22,150942,1781
1018,12/26/22,150942,1781
1019,12/27/22,150942,1781
1020,12/28/22,150942,1781
1021,12/29/22,150942,1781
1022,12/30/22,150942,1781
1023,12/31/22,150942,1781
1024,1/1/23,150942,1781
1025,1/2/23,150942,1781
1026,1/3/23,150942,1781
1027,1/4/23,150942,1781
1028,1/5/23,150942,1781
1029,1/6/23,150942,1781
1030,1/7/23,150942,1781
1031,1/8/23,150942,1781
1032,1/9/23,151570,1800
1033,1/10/23,151570,1800
1034,1/11/23,151570,1800
1035,1/12/23,151570,1800
1036,1/13/23,151570,1800
1037,1/14/23,151570,1800
1038,1/15/23,151570,1800
1039,1/16/23,151570,1800
1040,1/17/23,151570,1800
1041,1/18/23,151570,1800
1042,1/19/23,151570,1800
1043,1/20/23,151570,1800
1044,1/21/23,151570,1800
1045,1/22/23,151570,1800
1046,1/23/23,152258,1826
1047,1/24/23,152258,1826
1048,1/25/23,152258,1826
1049,1/26/23,152258,1826
1050,1/27/23,152258,1826
1051,1/28/23,152258,1826
1052,1/29/23,152258,1826
1053,1/30/23,152258,1826
1054,1/31/23,152258,1826
1055,2/1/23,152258,1826
1056,2/2/23,152258,1826
1057,2/3/23,152258,1826
1058,2/4/23,152258,1826
1059,2/5/23,152258,1826
1060,2/6/23,152773,1858
1061,2/7/23,152773,1858
1062,2/8/23,152773,1858
1063,2/9/23,152773,1858
1064,2/10/23,152773,1858
1065,2/11/23,152773,1858
1066,2/12/23,152773,1858
1067,2/13/23,152773,1858
1068,2/14/23,152773,1858
1069,2/15/23,152773,1858
1070,2/16/23,152773,1858
1071,2/17/23,152773,1858
1072,2/18/23,152773,1858
1073,2/19/23,152773,1858
1074,2/20/23,153255,1882
1075,2/21/23,153255,1882
1076,2/22/23,153255,1882
1077,2/23/23,153255,1882
1078,2/24/23,153255,1882
1079,2/25/23,153255,1882
1080,2/26/23,153255,1882
1081,2/27/23,153255,1882
1082,2/28/23,153255,1882
1083,3/1/23,153255,1882
1084,3/2/23,153255,1882
1085,3/3/23,153255,1882
1086,3/4/23,153255,1882
1087,3/5/23,153255,1882
1088,3/6/23,153651,1890
1089,3/7/23,153651,1890
1090,3/8/23,153651,1890
1091,3/9/23,153651,1890
