,Date,DAL_High_Prices,DAL_Low_Prices,DAL_Closed_Prices
0,2023-03-09,120.6,117.19,117.3
1,2023-03-08,122.5799,120.845,122.18
2,2023-03-07,124.08,119.74,120.61
3,2023-03-06,125.31,123.515,123.85
4,2023-03-03,124.43,122.7267,124.08
5,2023-03-02,123.01,120.19,122.85
6,2023-03-01,122.14,119.35,121.25
7,2023-02-28,124.08,122.01,122.09
8,2023-02-27,124.14,121.99,122.51
9,2023-02-24,122.53,120.29,121.83
10,2023-02-23,123.09,120.97,122.3
11,2023-02-22,122.075,120.38,121.1
12,2023-02-21,122.86,120.06,120.62
13,2023-02-17,124.48,122.39,123.66
14,2023-02-16,125.46,123.3731,124.35
15,2023-02-15,125.55,123.56,125.52
16,2023-02-14,127.03,124.49,125.41
17,2023-02-13,125.85,124.17,125.78
18,2023-02-10,124.65,122.5,124.35
19,2023-02-09,125.79,124.02,124.41
20,2023-02-08,125.65,123.34,124.24
21,2023-02-07,127.85,123.21,125.9
22,2023-02-06,129.55,127.78,128.64
23,2023-02-03,130.285,128.2,129.81
24,2023-02-02,133.08,129.51,131.79
25,2023-02-01,129.95,126.88,128.93
26,2023-01-31,128.71,125.67,128.46
27,2023-01-30,128.85,125.89,125.95
28,2023-01-27,128.88,126.15,128.61
29,2023-01-26,126.41,124.88,126.33
30,2023-01-25,125.5446,124.5,125.19
31,2023-01-24,125.645,123.2,125.45
32,2023-01-23,125.29,123.2783,124.97
33,2023-01-20,123.85,120.41,123.65
34,2023-01-19,121.71,120.035,120.93
35,2023-01-18,125.8649,121.94,122.25
36,2023-01-17,125.62,124.46,125.02
37,2023-01-13,126.12,124.17,125.57
38,2023-01-12,126.43,121.45,125.99
39,2023-01-11,121.63,117.15,121.36
40,2023-01-10,117.78,115.44,116.85
41,2023-01-09,119.6,117.61,118.32
42,2023-01-06,119.53,117.78,118.87
43,2023-01-05,119.755,117.17,117.42
44,2023-01-04,122.31,118.01,121.16
45,2023-01-03,119.18,116.22,117.54
46,2022-12-30,117.86,115.72,117.48
47,2022-12-29,117.66,115.33,117.32
48,2022-12-28,118.89,114.83,115.06
49,2022-12-27,118.53,117.135,118.1
50,2022-12-23,117.95,115.65,117.91
51,2022-12-22,116.44,114.0461,116.36
52,2022-12-21,118.1,116.27,116.55
53,2022-12-20,116.01,113.8,115.66
54,2022-12-19,116.83,114.185,115.62
55,2022-12-16,116.92,114.85,116.32
56,2022-12-15,118.81,116.83,118.21
57,2022-12-14,121.805,118.98,119.71
58,2022-12-13,121.95,118.67,120.24
59,2022-12-12,118.725,115.545,118.62
60,2022-12-09,117.56,116.1,116.75
61,2022-12-08,118.65,116.55,117.12
62,2022-12-07,120.35,117.2601,119.05
63,2022-12-06,119.05,116.71,118.26
64,2022-12-05,119.36,117.38,117.69
65,2022-12-02,120.03,117.5,119.34
66,2022-12-01,120.8,117.75,119.01
67,2022-11-30,119.69,116.425,119.44
68,2022-11-29,117.67,115.53,117.46
69,2022-11-28,120.1097,115.5,115.76
70,2022-11-25,120.7,119.71,120.7
71,2022-11-23,120.18,118.385,119.61
72,2022-11-22,119.655,117.47,119.38
73,2022-11-21,118.14,116.055,117.18
74,2022-11-18,118.48,116.75,117.9
75,2022-11-17,115.87,113.46,115.79
76,2022-11-16,119.06,115.5233,115.59
77,2022-11-15,120.93,118.46,120.16
78,2022-11-14,119.57,117.51,117.53
79,2022-11-11,121.98,119.93,120.2
80,2022-11-10,121.285,117.475,120.04
81,2022-11-09,116.06,112.56,112.92
82,2022-11-08,117.47,114.635,115.42
83,2022-11-07,117.15,114.765,116.87
84,2022-11-04,115.81,112.62,115.57
85,2022-11-03,113.4,108.81,112.58
86,2022-11-02,115.35,111.48,111.61
87,2022-11-01,114.52,109.46,113.84
88,2022-10-31,109.56,107.37,108.98
89,2022-10-28,109.11,105.5629,108.96
90,2022-10-27,107.72,106.19,106.39
91,2022-10-26,106.7,105.12,105.53
92,2022-10-25,106.27,102.55,105.84
93,2022-10-24,102.86,100.03,102.39
94,2022-10-21,101.07,97.28,101.04
95,2022-10-20,100.94,98.2,98.31
96,2022-10-19,99.65,97.25,98.03
97,2022-10-18,101.07,97.33,98.66
98,2022-10-17,99.93,97.6,99.15
99,2022-10-14,97.99,95.14,95.86
100,2022-10-13,96.63,90.77,95.83
101,2022-10-12,94.75,92.7899,93.68
102,2022-10-11,95.94,91.33,94.82
103,2022-10-10,94.01,92.09,92.53
104,2022-10-07,94.31,92.03,92.54
105,2022-10-06,96.35,94.16,94.68
106,2022-10-05,96.18,91.83,95.77
107,2022-10-04,95.93,92.33,95.87
108,2022-10-03,91.91,89.105,90.98
109,2022-09-30,90.51,88.41,89.75
110,2022-09-29,91.42,88.46,89.13
111,2022-09-28,92.97,89.4,92.53
112,2022-09-27,89.95,87.94,89.03
113,2022-09-26,89.48,86.02,87.36
114,2022-09-23,91.0,88.54,90.18
115,2022-09-22,95.79,91.74,92.18
116,2022-09-21,100.0274,95.61,95.65
117,2022-09-20,99.81,97.89,98.32
118,2022-09-19,100.28,98.0,100.28
119,2022-09-16,99.8,97.6148,99.7
120,2022-09-15,101.22,99.4,99.54
121,2022-09-14,100.2,98.335,100.03
122,2022-09-13,103.1,100.04,100.41
123,2022-09-12,105.82,103.84,105.25
124,2022-09-09,104.095,102.6,103.77
125,2022-09-08,102.59,99.75,102.54
126,2022-09-07,103.49,100.91,103.46
127,2022-09-06,101.76,98.82,101.04
128,2022-09-02,103.76,100.17,100.53
129,2022-09-01,101.425,98.75,101.33
130,2022-08-31,104.73,101.77,101.98
131,2022-08-30,105.05,103.085,103.79
132,2022-08-29,105.1,102.95,103.65
133,2022-08-26,108.55,104.84,104.85
134,2022-08-25,108.27,106.89,108.24
135,2022-08-24,107.69,105.92,106.68
136,2022-08-23,108.345,106.73,106.84
137,2022-08-22,110.0,105.94,106.74
138,2022-08-19,112.855,110.26,111.01
139,2022-08-18,113.48,112.28,113.33
140,2022-08-17,113.622,111.78,112.84
141,2022-08-16,115.32,112.62,114.52
142,2022-08-15,115.62,113.1,113.25
143,2022-08-12,115.99,114.14,115.85
144,2022-08-11,114.81,112.7,114.07
145,2022-08-10,111.52,109.71,111.38
146,2022-08-09,108.885,107.1,108.01
147,2022-08-08,110.1393,107.61,108.84
148,2022-08-05,106.62,104.87,106.5
149,2022-08-04,107.41,104.95,105.82
150,2022-08-03,108.37,106.59,106.93
151,2022-08-02,110.96,105.25,105.48
152,2022-08-01,109.2,107.08,108.63
153,2022-07-29,109.26,107.46,108.64
154,2022-07-28,107.56,104.778,107.46
155,2022-07-27,104.61,102.43,104.12
156,2022-07-26,103.78,102.0598,102.58
157,2022-07-25,104.63,103.1138,104.03
158,2022-07-22,105.38,103.28,103.68
159,2022-07-21,104.26,102.0,104.24
160,2022-07-20,104.315,101.54,103.45
161,2022-07-19,102.555,99.14,102.27
162,2022-07-18,98.83,97.3,98.64
163,2022-07-15,96.75,94.75,96.36
164,2022-07-14,94.89,93.06,94.0
165,2022-07-13,97.15,95.04,95.56
166,2022-07-12,99.14,96.98,97.6
167,2022-07-11,97.51,95.73,97.22
168,2022-07-08,98.2155,96.18,97.69
169,2022-07-07,98.28,96.65,97.88
170,2022-07-06,98.47,96.01,96.42
171,2022-07-05,97.6,93.51,97.57
172,2022-07-01,95.97,93.79,95.68
173,2022-06-30,96.43,93.2,94.92
174,2022-06-29,99.0,96.42,97.26
175,2022-06-28,102.48,99.14,99.25
176,2022-06-27,101.44,98.75,100.12
177,2022-06-24,100.5213,97.49,99.62
178,2022-06-23,97.04,95.19,96.7
179,2022-06-22,97.7225,94.83,95.95
180,2022-06-21,98.64,96.47,96.59
181,2022-06-17,97.35,94.94,95.69
182,2022-06-16,95.73,93.5,94.62
183,2022-06-15,98.93,95.97,97.5
184,2022-06-14,98.31,95.715,96.51
185,2022-06-13,98.75,95.46,97.15
186,2022-06-10,103.34,101.22,101.26
187,2022-06-09,107.45,103.84,103.87
188,2022-06-08,110.29,107.62,107.87
189,2022-06-07,112.325,108.56,112.28
190,2022-06-06,111.1,109.1104,109.62
191,2022-06-03,111.61,109.58,109.95
192,2022-06-02,112.33,109.87,112.32
193,2022-06-01,115.2852,109.82,111.17
194,2022-05-31,115.29,112.11,114.65
195,2022-05-27,114.64,112.406,113.73
196,2022-05-26,112.82,110.0,112.03
197,2022-05-25,110.27,106.89,109.19
198,2022-05-24,108.13,103.46,107.85
199,2022-05-23,110.4591,107.23,107.77
200,2022-05-20,111.195,105.72,108.84
201,2022-05-19,114.63,109.91,110.04
202,2022-05-18,119.69,113.16,113.67
203,2022-05-17,120.92,118.18,120.76
204,2022-05-16,118.125,115.5,116.87
205,2022-05-13,117.68,115.18,116.78
206,2022-05-12,116.28,111.1736,115.62
207,2022-05-11,120.0,112.78,113.01
208,2022-05-10,125.99,117.94,119.07
209,2022-05-09,120.78,117.61,118.19
210,2022-05-06,122.96,118.64,121.42
211,2022-05-05,124.29,121.12,122.34
212,2022-05-04,125.175,119.58,124.58
213,2022-05-03,121.7,116.25,120.87
214,2022-05-02,119.08,113.41,116.84
215,2022-04-29,123.98,117.78,118.0
216,2022-04-28,125.05,120.82,124.41
217,2022-04-27,125.195,122.06,122.13
218,2022-04-26,126.96,124.03,124.13
219,2022-04-25,126.7,123.93,126.29
220,2022-04-22,130.84,125.72,125.88
221,2022-04-21,134.8,130.56,130.85
222,2022-04-20,133.5,131.0367,132.59
223,2022-04-19,131.7513,127.89,131.32
224,2022-04-18,129.11,127.1,127.89
225,2022-04-14,129.45,127.69,127.88
226,2022-04-13,128.71,125.76,127.58
227,2022-04-12,128.92,125.71,126.18
228,2022-04-11,129.1,126.33,126.78
229,2022-04-08,128.52,125.485,127.47
230,2022-04-07,127.52,123.48,125.51
231,2022-04-06,130.18,126.27,127.86
232,2022-04-05,135.63,130.31,130.58
233,2022-04-04,134.89,131.145,134.53
234,2022-04-01,133.26,131.26,133.0
235,2022-03-31,135.41,131.55,131.56
236,2022-03-30,138.65,134.335,134.79
237,2022-03-29,138.43,133.59,138.08
238,2022-03-28,131.8,129.655,131.75
239,2022-03-25,131.1778,129.64,130.17
240,2022-03-24,130.53,129.05,130.13
241,2022-03-23,132.7,129.875,130.01
242,2022-03-22,134.45,130.8601,132.84
243,2022-03-21,131.82,127.97,129.06
244,2022-03-18,131.56,129.4715,130.84
245,2022-03-17,132.41,129.942,131.65
246,2022-03-16,132.46,128.29,131.33
247,2022-03-15,130.03,127.03,128.88
248,2022-03-14,132.545,126.76,128.19
249,2022-03-11,134.09,130.0,130.05
250,2022-03-10,132.93,129.47,132.61
251,2022-03-09,135.32,132.44,132.57
252,2022-03-08,133.89,128.1,131.39
253,2022-03-07,135.89,128.2,128.27
254,2022-03-04,137.91,133.82,136.89
255,2022-03-03,140.9399,137.56,139.41
256,2022-03-02,139.73,135.92,138.77
257,2022-03-01,138.34,133.44,134.6
258,2022-02-28,139.9,136.56,137.56
259,2022-02-25,140.1499,137.67,139.7
260,2022-02-24,138.18,129.35,137.82
261,2022-02-23,140.3241,133.4317,134.07
262,2022-02-22,140.39,136.73,138.05
263,2022-02-18,144.11,140.49,140.95
264,2022-02-17,146.77,143.02,143.67
265,2022-02-16,144.29,141.31,143.86
266,2022-02-15,142.9,140.54,141.32
267,2022-02-14,142.3,139.06,139.9
268,2022-02-11,146.39,140.58,141.83
269,2022-02-10,147.5,141.26,143.98
270,2022-02-09,144.0449,141.45,143.09
271,2022-02-08,144.5974,137.77,142.04
272,2022-02-07,149.8,144.89,148.92
273,2022-02-04,146.81,141.75,145.18
274,2022-02-03,149.1899,145.34,145.56
275,2022-02-02,149.98,146.91,149.55
276,2022-02-01,148.66,145.04,147.36
277,2022-01-31,147.6,143.61,147.2
278,2022-01-28,146.44,139.67,146.4
279,2022-01-27,149.46,143.1,143.89
280,2022-01-26,151.87,143.76,145.58
281,2022-01-25,148.96,140.84,146.78
282,2022-01-24,146.23,137.75,146.1
283,2022-01-21,147.54,144.56,146.96
284,2022-01-20,152.75,147.1893,147.43
285,2022-01-19,154.89,148.53,148.59
286,2022-01-18,154.3,150.86,153.89
287,2022-01-14,162.09,152.48,155.7
288,2022-01-13,164.24,162.25,162.99
289,2022-01-12,163.65,161.76,161.93
290,2022-01-11,162.61,158.07,161.83
291,2022-01-10,160.99,157.0879,160.88
292,2022-01-07,163.9,161.05,161.27
293,2022-01-06,164.52,160.76,163.16
294,2022-01-05,165.83,160.96,161.03
295,2022-01-04,163.88,161.8,162.98
296,2022-01-03,162.6,158.87,160.3
297,2021-12-31,161.69,159.51,159.77
298,2021-12-30,161.87,158.5361,160.04
299,2021-12-29,159.3,156.77,158.76
300,2021-12-28,159.25,156.75,157.77
301,2021-12-27,158.48,154.4807,158.43
302,2021-12-23,157.3827,155.265,155.46
303,2021-12-22,156.01,153.53,155.53
304,2021-12-21,154.89,148.07,154.47
305,2021-12-20,148.69,143.63,146.27
306,2021-12-17,152.86,148.43,150.73
307,2021-12-16,154.839,151.04,151.66
308,2021-12-15,152.19,147.21,152.04
309,2021-12-14,152.21,149.85,150.93
310,2021-12-13,152.07,147.5416,151.1
311,2021-12-10,153.65,150.04,152.42
312,2021-12-09,155.58,152.2,152.24
313,2021-12-08,158.44,155.38,157.45
314,2021-12-07,158.7,154.945,156.25
315,2021-12-06,155.51,151.52,152.6
316,2021-12-03,152.79,147.36,149.19
317,2021-12-02,153.9776,148.37,151.86
318,2021-12-01,158.83,147.64,147.72
319,2021-11-30,157.81,151.75,152.84
320,2021-11-29,164.68,157.44,159.94
321,2021-11-26,162.8,158.28,160.48
322,2021-11-24,169.235,166.63,169.03
323,2021-11-23,170.71,167.2,169.03
324,2021-11-22,170.645,167.01,167.99
325,2021-11-19,168.475,165.86,166.74
326,2021-11-18,171.12,167.37,169.38
327,2021-11-17,167.87,162.84,167.49
328,2021-11-16,166.29,164.34,164.87
329,2021-11-15,166.32,164.23,166.29
330,2021-11-12,166.55,163.895,164.8
331,2021-11-11,166.31,163.91,165.44
332,2021-11-10,167.69,163.78,163.97
333,2021-11-09,167.58,165.54,167.49
334,2021-11-08,171.01,166.26,167.39
335,2021-11-05,170.91,167.27,170.5
336,2021-11-04,167.67,164.52,165.71
337,2021-11-03,166.79,158.7412,166.24
338,2021-11-02,159.97,154.4459,158.99
339,2021-11-01,149.41,147.19,149.36
340,2021-10-29,147.74,145.68,146.58
341,2021-10-28,147.23,143.84,147.12
342,2021-10-27,146.46,143.7,143.93
343,2021-10-26,147.77,145.4834,146.37
344,2021-10-25,146.9,143.75,146.83
345,2021-10-22,145.6,144.0,145.14
346,2021-10-21,145.04,143.38,143.96
347,2021-10-20,144.98,142.07,144.96
348,2021-10-19,145.01,142.69,142.84
349,2021-10-18,144.79,139.9,144.53
350,2021-10-15,141.655,139.33,140.22
351,2021-10-14,139.9,137.51,139.33
352,2021-10-13,137.56,134.22,137.15
353,2021-10-12,135.25,131.33,134.77
354,2021-10-11,133.68,131.02,132.62
355,2021-10-08,135.1,131.765,132.08
356,2021-10-07,136.2,132.95,134.01
357,2021-10-06,132.65,128.6,132.61
358,2021-10-05,132.27,130.42,131.39
359,2021-10-04,134.0,131.59,132.25
360,2021-10-01,134.16,130.15,133.14
361,2021-09-30,134.5,129.42,129.97
362,2021-09-29,134.515,133.2,133.85
363,2021-09-28,135.12,133.19,133.71
364,2021-09-27,137.24,134.01,134.15
365,2021-09-24,136.25,133.82,133.85
366,2021-09-23,136.47,134.32,135.12
367,2021-09-22,134.9,131.85,133.64
368,2021-09-21,132.6,130.35,130.38
369,2021-09-20,130.36,127.065,129.52
370,2021-09-17,133.3,131.15,131.27
371,2021-09-16,133.78,131.15,132.67
372,2021-09-15,131.97,128.69,131.15
373,2021-09-14,131.99,128.68,129.56
374,2021-09-13,131.87,128.35,131.12
375,2021-09-10,131.31,127.89,127.9
376,2021-09-09,132.14,129.96,130.64
377,2021-09-08,133.84,130.77,132.14
378,2021-09-07,135.7,133.23,134.58
379,2021-09-03,136.1751,134.245,135.75
380,2021-09-02,137.38,135.39,136.42
381,2021-09-01,136.45,134.26,135.81
382,2021-08-31,135.2,132.765,134.45
383,2021-08-30,134.01,131.93,133.41
384,2021-08-27,135.1499,132.36,133.69
385,2021-08-26,132.74,130.64,131.04
386,2021-08-25,134.52,131.63,132.54
387,2021-08-24,132.7,130.23,132.56
388,2021-08-23,131.0989,128.93,129.46
389,2021-08-20,129.43,126.61,128.77
390,2021-08-19,129.22,126.0,128.46
391,2021-08-18,129.66,126.09,128.0
392,2021-08-17,129.3316,125.93,128.11
393,2021-08-16,133.67,130.55,130.97
394,2021-08-13,134.84,133.18,133.67
395,2021-08-12,134.28,132.2501,133.85
396,2021-08-11,134.07,131.17,133.51
397,2021-08-10,133.5305,131.27,132.11
398,2021-08-09,134.45,132.71,132.86
399,2021-08-06,136.05,134.02,135.2
400,2021-08-05,134.75,129.49,134.03
401,2021-08-04,132.33,128.26,128.7
402,2021-08-03,130.97,127.04,129.54
403,2021-08-02,130.84,126.02,126.32
404,2021-07-30,128.12,125.5,126.52
405,2021-07-29,128.3,125.72,125.92
406,2021-07-28,126.9099,123.905,125.22
407,2021-07-27,126.83,124.85,125.87
408,2021-07-26,127.24,123.84,127.03
409,2021-07-23,126.6646,122.85,124.15
410,2021-07-22,127.53,124.409,125.1
411,2021-07-21,129.22,126.7,127.93
412,2021-07-20,126.15,118.26,125.63
413,2021-07-19,120.57,114.715,117.19
414,2021-07-16,127.83,124.32,124.5
415,2021-07-15,127.81,125.29,126.54
416,2021-07-14,128.65,126.15,127.45
417,2021-07-13,130.04,126.43,126.61
418,2021-07-12,130.7771,128.055,130.27
419,2021-07-09,129.78,126.68,129.69
420,2021-07-08,126.265,122.01,125.09
421,2021-07-07,127.31,124.1,125.79
422,2021-07-06,129.35,126.08,127.64
423,2021-07-02,132.07,129.18,129.63
424,2021-07-01,132.89,129.07,131.54
425,2021-06-30,132.28,130.25,130.48
426,2021-06-29,132.22,130.58,130.99
427,2021-06-28,131.03,128.25,130.2
428,2021-06-25,131.6,129.85,131.07
429,2021-06-24,132.875,129.88,130.62
430,2021-06-23,132.99,130.81,132.21
431,2021-06-22,131.4,129.23,130.25
432,2021-06-21,131.82,126.4,131.5
433,2021-06-18,128.2107,125.28,125.33
434,2021-06-17,130.96,126.05,128.66
435,2021-06-16,132.5063,130.04,130.73
436,2021-06-15,133.61,130.3,131.29
437,2021-06-14,135.2,132.0901,133.28
438,2021-06-11,134.84,133.32,134.23
439,2021-06-10,136.57,132.7,134.54
440,2021-06-09,136.63,135.31,135.59
441,2021-06-08,136.7,133.8999,135.71
442,2021-06-07,134.25,131.77,134.0
443,2021-06-04,134.9321,131.62,132.27
444,2021-06-03,134.75,132.03,134.06
445,2021-06-02,135.515,132.35,135.19
446,2021-06-01,134.21,129.7,134.19
447,2021-05-28,129.2,127.66,128.49
448,2021-05-27,128.72,127.1,128.29
449,2021-05-26,127.02,123.8,126.7
450,2021-05-25,126.6899,124.18,124.4
451,2021-05-24,124.98,122.31,124.64
452,2021-05-21,124.31,121.95,122.38
453,2021-05-20,123.0865,120.75,122.57
454,2021-05-19,122.32,118.41,122.27
455,2021-05-18,123.85,120.72,122.57
456,2021-05-17,123.18,121.2101,122.24
457,2021-05-14,122.95,118.75,122.18
458,2021-05-13,121.31,116.53,117.99
459,2021-05-12,123.36,117.21,117.62
460,2021-05-11,123.97,119.572,122.64
461,2021-05-10,128.25,125.64,126.75
462,2021-05-07,125.0,121.8,124.94
463,2021-05-06,122.98,120.28,122.92
464,2021-05-05,122.65,120.335,120.92
465,2021-05-04,123.96,120.4,121.36
466,2021-05-03,123.83,121.64,123.2
467,2021-04-30,123.095,120.9333,121.74
468,2021-04-29,125.55,121.77,123.33
469,2021-04-28,125.42,122.65,123.1
470,2021-04-27,123.3,119.46,122.36
471,2021-04-26,121.7,118.43,120.17
472,2021-04-23,117.12,115.41,116.92
473,2021-04-22,119.06,115.57,115.65
474,2021-04-21,117.9,112.61,117.63
475,2021-04-20,116.42,113.12,114.26
476,2021-04-19,116.89,114.95,116.56
477,2021-04-16,118.5,115.93,117.12
478,2021-04-15,115.56,113.62,114.57
479,2021-04-14,115.75,113.56,113.76
480,2021-04-13,114.1,111.3,113.38
481,2021-04-12,116.87,113.4401,114.74
482,2021-04-09,116.21,114.04,115.91
483,2021-04-08,115.64,113.61,114.33
484,2021-04-07,117.71,115.12,117.01
485,2021-04-06,116.86,114.51,116.49
486,2021-04-05,116.0,113.27,115.05
487,2021-04-01,115.35,112.63,115.2
488,2021-03-31,115.65,113.47,113.77
489,2021-03-30,116.45,113.7,115.39
490,2021-03-29,115.24,110.96,113.81
491,2021-03-26,116.66,112.21,114.67
492,2021-03-25,114.15,106.68,113.64
493,2021-03-24,114.28,109.39,109.4
494,2021-03-23,114.96,109.52,110.41
495,2021-03-22,116.88,113.8412,115.25
496,2021-03-19,118.46,114.11,116.69
497,2021-03-18,120.82,115.63,116.82
498,2021-03-17,118.66,116.46,118.24
499,2021-03-16,121.11,116.745,117.19
500,2021-03-15,121.92,116.85,121.01
501,2021-03-12,118.03,115.6,117.85
502,2021-03-11,117.02,113.27,115.84
503,2021-03-10,114.93,110.69,114.31
504,2021-03-09,112.75,108.71,111.0
505,2021-03-08,114.97,111.17,111.7
506,2021-03-05,112.29,104.12,111.17
507,2021-03-04,115.16,106.75,110.11
508,2021-03-03,115.725,112.05,113.99
509,2021-03-02,114.11,111.34,111.68
510,2021-03-01,117.85,113.84,113.92
511,2021-02-26,116.46,111.26,112.92
512,2021-02-25,121.3099,113.65,114.82
513,2021-02-24,121.13,114.5,119.0
514,2021-02-23,115.935,110.06,115.12
515,2021-02-22,115.3299,108.93,112.77
516,2021-02-19,109.93,106.7,109.43
517,2021-02-18,108.6418,105.7238,106.52
518,2021-02-17,110.49,107.1,108.23
519,2021-02-16,111.42,108.63,109.98
520,2021-02-12,110.6364,107.71,109.26
521,2021-02-11,111.4223,107.25,109.27
522,2021-02-10,108.65,103.1,106.22
523,2021-02-09,105.0143,101.35,102.55
524,2021-02-08,99.47,96.6604,98.94
525,2021-02-05,97.9,95.92,96.75
526,2021-02-04,96.24,93.38,95.16
527,2021-02-03,93.75,91.02,93.38
528,2021-02-02,94.11,91.36,92.46
529,2021-02-01,93.6,90.56,92.94
530,2021-01-29,97.829,92.11,92.93
531,2021-01-28,99.03,96.689,97.51
532,2021-01-27,103.5,96.09,96.64
533,2021-01-26,99.66,96.64,99.05
534,2021-01-25,100.17,94.0,97.48
535,2021-01-22,96.0,92.05,95.49
536,2021-01-21,95.76,93.7,94.51
537,2021-01-20,96.01,92.02,95.29
538,2021-01-19,93.78,90.74,92.67
539,2021-01-15,94.24,92.33,93.0
540,2021-01-14,95.7457,89.31,94.95
541,2021-01-13,89.28,85.4,88.87
542,2021-01-12,85.99,83.21,85.43
543,2021-01-11,85.6,82.85,83.14
544,2021-01-08,86.5,83.7001,86.49
545,2021-01-07,87.24,84.51,85.13
546,2021-01-06,86.48,83.75,85.07
547,2021-01-05,84.315,82.93,83.17
548,2021-01-04,86.24,82.06,82.81
549,2020-12-31,85.35,82.3573,85.28
550,2020-12-30,85.55,83.21,83.97
551,2020-12-29,86.57,82.942,83.29
552,2020-12-28,86.15,84.51,85.48
553,2020-12-24,84.59,83.05,84.37
554,2020-12-23,85.25,83.21,83.65
555,2020-12-22,85.56,82.02,83.72
556,2020-12-21,84.5,82.25,83.65
557,2020-12-18,89.07,84.92,85.43
558,2020-12-17,89.23,87.49,89.03
559,2020-12-16,90.3,88.13,88.28
560,2020-12-15,89.76,87.221,89.74
561,2020-12-14,90.18,86.7556,87.32
562,2020-12-11,89.93,86.29,87.9
563,2020-12-10,90.96,89.08,90.44
564,2020-12-09,92.16,89.19,90.84
565,2020-12-08,91.9488,88.5,90.11
566,2020-12-07,93.8,89.0,89.37
567,2020-12-04,94.3596,90.7075,93.91
568,2020-12-03,91.7,87.29,89.63
569,2020-12-02,87.99,82.6,87.25
570,2020-12-01,86.29,83.89,84.99
571,2020-11-30,86.9,82.4,82.57
572,2020-11-27,88.6,85.53,85.55
573,2020-11-25,88.88,86.3001,87.19
574,2020-11-24,91.37,88.4211,88.79
575,2020-11-23,86.3,82.3,85.41
576,2020-11-20,81.7898,79.26,81.12
577,2020-11-19,81.33,75.49,80.63
578,2020-11-18,81.0408,76.6,76.61
579,2020-11-17,81.33,76.98,78.96
580,2020-11-16,82.42,78.85,78.96
581,2020-11-13,75.1493,70.8,74.7
582,2020-11-12,72.63,68.01,69.14
583,2020-11-11,78.5,72.52,73.41
584,2020-11-10,84.49,75.31,78.84
585,2020-11-09,82.5,73.1,79.1
586,2020-11-06,64.83,61.64,61.86
587,2020-11-05,64.1,62.455,63.47
588,2020-11-04,64.91,62.12,62.28
589,2020-11-03,66.0,64.4,64.99
590,2020-11-02,64.88,62.59,64.71
591,2020-10-30,63.62,60.83,62.81
592,2020-10-29,64.11,60.17,63.41
593,2020-10-28,61.63,59.35,60.76
594,2020-10-27,64.58,61.95,61.98
595,2020-10-26,66.1,63.87,64.68
596,2020-10-23,67.8,65.9221,66.88
597,2020-10-22,66.54,63.9,66.35
598,2020-10-21,65.01,63.34,64.21
599,2020-10-20,66.08,64.43,64.46
600,2020-10-19,65.35,63.84,63.91
601,2020-10-16,65.7012,64.15,64.82
602,2020-10-15,66.52,64.59,65.12
603,2020-10-14,66.54,65.26,65.72
604,2020-10-13,67.33,65.47,65.82
605,2020-10-12,68.11,66.7,68.02
606,2020-10-09,70.3457,67.51,67.72
607,2020-10-08,71.23,69.4,70.07
608,2020-10-07,72.16,69.8,71.03
609,2020-10-06,72.63,69.01,69.98
610,2020-10-05,69.33,67.42,68.76
611,2020-10-02,68.5,64.05,68.2
612,2020-10-01,66.56,64.25,66.53
613,2020-09-30,66.12,63.7,64.68
614,2020-09-29,65.34,62.9,63.99
615,2020-09-28,66.535,64.8,65.79
616,2020-09-25,63.93,62.0,63.58
617,2020-09-24,64.16,59.6,62.83
618,2020-09-23,66.8,62.72,62.89
619,2020-09-22,67.07,64.75,65.11
620,2020-09-21,67.22,64.3525,64.87
621,2020-09-18,71.9,69.59,69.83
622,2020-09-17,74.24,70.875,71.88
623,2020-09-16,75.2,70.04,74.12
624,2020-09-15,71.825,67.69,71.07
625,2020-09-14,67.925,64.5253,67.8
626,2020-09-11,66.46,63.38,64.15
627,2020-09-10,69.825,66.0,66.19
628,2020-09-09,70.17,67.96,68.86
629,2020-09-08,70.75,68.79,70.05
630,2020-09-04,72.48,68.84,70.24
631,2020-09-03,70.98,66.87,68.0
632,2020-09-02,68.0299,65.96,67.84
633,2020-09-01,67.88,65.9,67.2
634,2020-08-31,69.83,67.44,67.85
635,2020-08-28,69.9,66.95,69.84
636,2020-08-27,69.1,66.62,67.57
637,2020-08-26,68.61,65.75,66.31
638,2020-08-25,70.14,66.52,68.65
639,2020-08-24,68.52,63.86,68.5
640,2020-08-21,65.54,63.9,64.52
641,2020-08-20,65.45,62.9,64.87
642,2020-08-19,65.64,63.74,63.88
643,2020-08-18,67.5,63.88,65.13
644,2020-08-17,68.39,66.18,68.18
645,2020-08-14,68.45,65.17,68.18
646,2020-08-13,68.249,65.73,66.02
647,2020-08-12,68.94,65.62,67.83
648,2020-08-11,70.99,66.83,67.15
649,2020-08-10,69.1648,63.82,65.47
650,2020-08-07,62.54,60.51,62.19
651,2020-08-06,62.71,61.19,61.2
652,2020-08-05,64.58,62.27,62.5
653,2020-08-04,63.63,61.07,62.99
654,2020-08-03,61.79,59.91,61.03
655,2020-07-31,63.9,61.5,62.35
656,2020-07-30,64.6,62.6201,63.62
657,2020-07-29,65.63,62.65,65.59
658,2020-07-28,65.07,61.35,64.14
659,2020-07-27,61.98,59.03,61.96
660,2020-07-24,62.28,60.3,60.57
661,2020-07-23,62.69,60.61,61.8
662,2020-07-22,62.14,60.12,62.03
663,2020-07-21,62.38,60.39,60.95
664,2020-07-20,62.39,60.12,60.42
665,2020-07-17,63.56,62.08,62.4
666,2020-07-16,65.61,62.6,62.9
667,2020-07-15,66.72,63.83,66.59
668,2020-07-14,63.96,61.37,61.93
669,2020-07-13,65.14,62.2,63.69
670,2020-07-10,64.24,60.31,63.98
671,2020-07-09,64.4,59.87,61.02
672,2020-07-08,66.8,64.38,65.71
673,2020-07-07,67.66,65.56,65.93
674,2020-07-06,70.59,67.01,68.93
675,2020-07-02,72.96,68.68,68.81
676,2020-07-01,72.93,69.24,69.81
677,2020-06-30,71.5,67.57,68.38
678,2020-06-29,68.18,61.29,68.13
679,2020-06-26,64.69,61.45,61.9
680,2020-06-25,66.63,63.03,64.94
681,2020-06-24,68.17,62.66,65.11
682,2020-06-23,72.11,69.38,70.13
683,2020-06-22,68.84,65.09,68.55
684,2020-06-19,72.51,67.0,67.12
685,2020-06-18,72.45,68.58,70.96
686,2020-06-17,75.35,71.51,71.67
687,2020-06-16,81.29,74.59,75.52
688,2020-06-15,75.86,70.82,74.39
689,2020-06-12,78.21,72.82,75.98
690,2020-06-11,78.65,70.4,71.92
691,2020-06-10,87.56,78.0,83.01
692,2020-06-09,90.32,83.74,86.47
693,2020-06-08,95.56,89.13,95.5
694,2020-06-05,92.96,83.36,88.6
695,2020-06-04,77.85,69.64,76.73
696,2020-06-03,74.79,65.5,72.88
697,2020-06-02,64.49,62.44,63.45
698,2020-06-01,61.8,56.86,61.6
699,2020-05-29,59.38,56.36,57.7
700,2020-05-28,63.79,58.86,59.75
701,2020-05-27,63.3,59.43,63.19
702,2020-05-26,59.52,56.9,59.25
703,2020-05-22,56.4,53.88,54.59
704,2020-05-21,57.31,54.6,56.0
705,2020-05-20,59.36,54.96,55.67
706,2020-05-19,58.92,54.16,56.87
707,2020-05-18,57.71,54.78,56.91
708,2020-05-15,52.14,49.38,51.32
709,2020-05-14,53.49,47.25,51.55
710,2020-05-13,54.5,49.22,51.17
711,2020-05-12,60.54,54.5,54.54
712,2020-05-11,57.67,54.91,55.08
713,2020-05-08,60.5,57.81,58.02
714,2020-05-07,58.78,55.27,57.0
715,2020-05-06,61.86,55.25,55.74
716,2020-05-05,66.28,60.09,60.55
717,2020-05-04,63.51,59.4,63.01
718,2020-05-01,64.65,60.59,63.2
719,2020-04-30,68.64,63.26,66.77
720,2020-04-29,72.58,66.31,68.8
721,2020-04-28,65.66,58.73,63.33
722,2020-04-27,58.07,51.5,57.19
723,2020-04-24,53.64,48.63,51.49
724,2020-04-23,55.06,51.41,53.15
725,2020-04-22,55.15,51.5,52.46
726,2020-04-21,54.97,51.8,53.56
727,2020-04-20,57.0,52.24,53.83
728,2020-04-17,61.39,55.51,56.12
729,2020-04-16,62.34,52.11,53.1
730,2020-04-15,64.3,59.8,61.22
731,2020-04-14,69.4,65.68,67.75
732,2020-04-13,68.92,62.19,65.3
733,2020-04-09,74.17,65.91,68.17
734,2020-04-08,65.35,60.3,62.91
735,2020-04-07,64.34,59.0,60.88
736,2020-04-06,55.44,49.96,54.06
737,2020-04-03,47.12,44.19,46.72
738,2020-04-02,48.48,42.25,44.01
739,2020-04-01,51.33,46.0,47.04
740,2020-03-31,57.32,52.8,54.86
741,2020-03-30,58.0,54.81,56.27
742,2020-03-27,60.46,55.7,58.17
743,2020-03-26,65.49,58.4,62.1
744,2020-03-25,69.54,54.73,62.34
745,2020-03-24,57.18,52.56,54.73
746,2020-03-23,52.12,46.05,50.16
747,2020-03-20,63.41,46.16,48.14
748,2020-03-19,59.5,45.5,55.74
749,2020-03-18,55.54,43.52,44.92
750,2020-03-17,67.47,53.96,58.86
751,2020-03-16,78.89,65.32,65.79
752,2020-03-13,91.27,81.6,89.77
753,2020-03-12,95.74,82.76,83.49
754,2020-03-11,109.55,100.0,101.5
755,2020-03-10,112.49,102.78,111.44
756,2020-03-09,112.53,103.0,103.04
757,2020-03-06,119.69,115.05,119.06
758,2020-03-05,121.43,117.6,119.9
759,2020-03-04,124.44,120.09,123.49
760,2020-03-03,130.3,121.14,122.47
761,2020-03-02,127.33,120.35,127.22
762,2020-02-28,125.89,119.91,123.08
763,2020-02-27,132.54,125.02,125.8
764,2020-02-26,137.37,132.2,132.23
765,2020-02-25,141.04,134.81,135.28
766,2020-02-24,141.05,139.37,140.78
767,2020-02-21,142.77,139.85,142.25
768,2020-02-20,140.54,136.65,140.53
769,2020-02-19,138.87,135.42,137.01
770,2020-02-18,139.58,137.85,139.17
771,2020-02-14,139.27,137.87,138.92
772,2020-02-13,140.04,136.51,138.66
773,2020-02-12,142.48,137.98,139.17
774,2020-02-11,144.3,139.87,142.08
775,2020-02-10,143.1,139.83,143.06
776,2020-02-07,141.04,139.29,141.02
777,2020-02-06,142.64,140.02,140.86
778,2020-02-05,140.63,137.25,140.47
779,2020-02-04,139.24,130.01,137.29
780,2020-02-03,135.8,132.53,132.8
781,2020-01-31,136.22,132.86,133.15
782,2020-01-30,139.94,136.1,136.45
783,2020-01-29,141.37,139.81,140.03
784,2020-01-28,142.37,139.95,139.99
785,2020-01-27,143.91,141.63,141.63
786,2020-01-24,147.8,144.64,144.82
787,2020-01-23,147.31,144.42,147.25
788,2020-01-22,149.65,145.94,146.01
