,Date,Confirmed_Cases,Death_Cases,SPG_High_Prices,SPG_Low_Prices,SPG_Closed_Prices,DAL_High_Prices,DAL_Low_Prices,DAL_Closed_Prices
0,2020-01-22,557,17,60.72,59.56,59.64,149.65,145.94,146.01
1,2020-01-23,657,18,60.38,58.19,60.27,147.31,144.42,147.25
2,2020-01-24,944,26,60.21,57.84,58.81,147.8,144.64,144.82
3,2020-01-25,1437,42,0.0,0.0,0.0,0.0,0.0,0.0
4,2020-01-26,2120,56,0.0,0.0,0.0,0.0,0.0,0.0
5,2020-01-27,2929,82,57.18,55.62,56.83,143.91,141.63,141.63
6,2020-01-28,5580,131,57.97,56.75,57.48,142.37,139.95,139.99
7,2020-01-29,6169,133,57.8,56.57,56.65,141.37,139.81,140.03
8,2020-01-30,8237,172,57.18,55.65,57.1,139.94,136.1,136.45
9,2020-01-31,9927,214,57.08,55.43,55.74,136.22,132.86,133.15
10,2020-02-01,12038,260,0.0,0.0,0.0,0.0,0.0,0.0
11,2020-02-02,16787,364,0.0,0.0,0.0,0.0,0.0,0.0
12,2020-02-03,19887,428,57.25,56.0,56.04,135.8,132.53,132.8
13,2020-02-04,23899,494,58.4,57.15,57.93,139.24,130.01,137.29
14,2020-02-05,27644,566,59.2993,58.5998,58.89,140.63,137.25,140.47
15,2020-02-06,30806,636,60.03,58.02,58.18,142.64,140.02,140.86
16,2020-02-07,34400,721,58.25,57.52,57.92,141.04,139.29,141.02
17,2020-02-08,37131,808,0.0,0.0,0.0,0.0,0.0,0.0
18,2020-02-09,40162,908,0.0,0.0,0.0,0.0,0.0,0.0
19,2020-02-10,42771,1015,58.12,57.43,57.71,143.1,139.83,143.06
20,2020-02-11,44814,1115,59.1,57.97,58.66,144.3,139.87,142.08
21,2020-02-12,45232,1120,59.92,59.18,59.47,142.48,137.98,139.17
22,2020-02-13,60384,1373,59.21,58.35,59.13,140.04,136.51,138.66
23,2020-02-14,66912,1525,59.47,58.58,58.9,139.27,137.87,138.92
24,2020-02-15,69055,1668,0.0,0.0,0.0,0.0,0.0,0.0
25,2020-02-16,71238,1772,0.0,0.0,0.0,0.0,0.0,0.0
26,2020-02-17,73273,1870,0.0,0.0,0.0,0.0,0.0,0.0
27,2020-02-18,75155,2010,59.47,58.41,58.72,139.58,137.85,139.17
28,2020-02-19,75655,2125,58.58,58.03,58.51,138.87,135.42,137.01
29,2020-02-20,76216,2250,58.99,58.12,58.38,140.54,136.65,140.53
30,2020-02-21,76846,2254,58.02,56.87,57.87,142.77,139.85,142.25
31,2020-02-22,78608,2462,0.0,0.0,0.0,0.0,0.0,0.0
32,2020-02-23,78990,2473,0.0,0.0,0.0,0.0,0.0,0.0
33,2020-02-24,79558,2633,55.38,53.34,54.23,141.05,139.37,140.78
34,2020-02-25,80412,2713,54.71,50.75,50.89,141.04,134.81,135.28
35,2020-02-26,81384,2774,51.77,49.0,49.59,137.37,132.2,132.23
36,2020-02-27,82728,2817,50.98,45.03,48.19,132.54,125.02,125.8
37,2020-02-28,84152,2876,47.79,45.14,46.13,125.89,119.91,123.08
38,2020-02-29,86023,2946,0.0,0.0,0.0,0.0,0.0,0.0
39,2020-03-01,88402,3000,0.0,0.0,0.0,0.0,0.0,0.0
40,2020-03-02,90382,3090,47.25,44.33,47.16,127.33,120.35,127.22
41,2020-03-03,92994,3164,49.97,46.04,46.18,130.3,121.14,122.47
42,2020-03-04,95338,3260,48.64,46.02,48.5,124.44,120.09,123.49
43,2020-03-05,98078,3355,46.57,44.42,45.01,121.43,117.6,119.9
44,2020-03-06,102062,3469,46.93,42.87,45.89,119.69,115.05,119.06
45,2020-03-07,106199,3573,0.0,0.0,0.0,0.0,0.0,0.0
46,2020-03-08,109997,3815,0.0,0.0,0.0,0.0,0.0,0.0
47,2020-03-09,114292,4009,45.01,42.43,43.52,112.53,103.0,103.04
48,2020-03-10,119051,4284,45.88,41.46,45.47,112.49,102.78,111.44
49,2020-03-11,126527,4636,44.34,41.73,42.67,109.55,100.0,101.5
50,2020-03-12,133283,4957,38.78,33.46,33.71,95.74,82.76,83.49
51,2020-03-13,146477,5460,38.74,34.79,38.36,91.27,81.6,89.77
52,2020-03-14,157365,5886,0.0,0.0,0.0,0.0,0.0,0.0
53,2020-03-15,168598,6557,0.0,0.0,0.0,0.0,0.0,0.0
54,2020-03-16,183165,7268,38.08,31.23,35.81,78.89,65.32,65.79
55,2020-03-17,198339,8119,37.19,30.6,31.74,67.47,53.96,58.86
56,2020-03-18,215900,9075,29.79,19.1,23.49,55.54,43.52,44.92
57,2020-03-19,242987,10217,24.15,20.0,21.51,59.5,45.5,55.74
58,2020-03-20,272517,11791,26.85,21.26,21.35,63.41,46.16,48.14
59,2020-03-21,304944,13599,0.0,0.0,0.0,0.0,0.0,0.0
60,2020-03-22,339156,15427,0.0,0.0,0.0,0.0,0.0,0.0
61,2020-03-23,381711,17523,22.83,20.6,22.22,52.12,46.05,50.16
62,2020-03-24,423594,19949,28.98,24.52,26.89,57.18,52.56,54.73
63,2020-03-25,475075,22920,33.28,27.4,31.1,69.54,54.73,62.34
64,2020-03-26,535889,26173,35.89,30.42,31.7,65.49,58.4,62.1
65,2020-03-27,599820,29812,31.32,29.02,29.55,60.46,55.7,58.17
66,2020-03-28,669402,33861,0.0,0.0,0.0,0.0,0.0,0.0
67,2020-03-29,725918,37680,0.0,0.0,0.0,0.0,0.0,0.0
68,2020-03-30,790929,42050,29.29,26.0,28.67,58.0,54.81,56.27
69,2020-03-31,869371,47218,30.53,28.42,28.53,57.32,52.8,54.86
70,2020-04-01,955728,53862,26.59,23.69,23.87,51.33,46.0,47.04
71,2020-04-02,1038176,60115,24.65,22.51,22.68,48.48,42.25,44.01
72,2020-04-03,1122386,66617,23.65,21.75,22.48,47.12,44.19,46.72
73,2020-04-04,1182507,72976,0.0,0.0,0.0,0.0,0.0,0.0
74,2020-04-05,1254222,78897,0.0,0.0,0.0,0.0,0.0,0.0
75,2020-04-06,1328948,85324,23.5,20.76,22.32,55.44,49.96,54.06
76,2020-04-07,1397886,93841,25.85,21.9,22.25,64.34,59.0,60.88
77,2020-04-08,1480062,101061,23.64,22.53,23.23,65.35,60.3,62.91
78,2020-04-09,1567243,109216,25.53,23.35,24.39,74.17,65.91,68.17
79,2020-04-10,1653665,116957,0.0,0.0,0.0,0.0,0.0,0.0
80,2020-04-11,1729180,123939,0.0,0.0,0.0,0.0,0.0,0.0
81,2020-04-12,1847761,130453,0.0,0.0,0.0,0.0,0.0,0.0
82,2020-04-13,1919593,136966,25.06,22.08,23.25,68.92,62.19,65.3
83,2020-04-14,2004226,144323,25.29,23.83,24.54,69.4,65.68,67.75
84,2020-04-15,2082482,153088,25.5,23.31,24.35,64.3,59.8,61.22
85,2020-04-16,2176950,160800,23.8,22.63,22.78,62.34,52.11,53.1
86,2020-04-17,2264830,169688,24.61,23.59,24.27,61.39,55.51,56.12
87,2020-04-18,2343082,176118,0.0,0.0,0.0,0.0,0.0,0.0
88,2020-04-19,2419404,182219,0.0,0.0,0.0,0.0,0.0,0.0
89,2020-04-20,2495886,188730,24.12,22.91,23.64,57.0,52.24,53.83
90,2020-04-21,2571973,195926,23.77,22.8,23.1,54.97,51.8,53.56
91,2020-04-22,2654011,203205,23.94,21.63,22.47,55.15,51.5,52.46
92,2020-04-23,2736728,210475,22.96,22.41,22.48,55.06,51.41,53.15
93,2020-04-24,2820291,217313,22.68,21.75,22.41,53.64,48.63,51.49
94,2020-04-25,2903496,223363,0.0,0.0,0.0,0.0,0.0,0.0
95,2020-04-26,2974291,228179,0.0,0.0,0.0,0.0,0.0,0.0
96,2020-04-27,3045275,233624,23.44,22.0,22.16,58.07,51.5,57.19
97,2020-04-28,3121107,240253,24.9,22.65,24.34,65.66,58.73,63.33
98,2020-04-29,3198435,247233,27.6,25.5,27.32,72.58,66.31,68.8
99,2020-04-30,3282087,253486,27.23,25.5,25.91,68.64,63.26,66.77
100,2020-05-01,3371033,259073,25.4,23.72,24.12,64.65,60.59,63.2
101,2020-05-02,3449295,265119,0.0,0.0,0.0,0.0,0.0,0.0
102,2020-05-03,3523292,269394,0.0,0.0,0.0,0.0,0.0,0.0
103,2020-05-04,3600929,274239,22.79,20.5,22.57,63.51,59.4,63.01
104,2020-05-05,3680614,280386,23.5,21.51,21.71,66.28,60.09,60.55
105,2020-05-06,3771036,287146,22.1,20.75,21.0,61.86,55.25,55.74
106,2020-05-07,3860174,293012,22.5,21.02,21.68,58.78,55.27,57.0
107,2020-05-08,3950657,298967,22.92,22.05,22.72,60.5,57.81,58.02
108,2020-05-09,4035000,303885,0.0,0.0,0.0,0.0,0.0,0.0
109,2020-05-10,4110223,308223,0.0,0.0,0.0,0.0,0.0,0.0
110,2020-05-11,4186364,312301,22.51,21.55,22.01,57.67,54.91,55.08
111,2020-05-12,4271644,318031,22.4,21.03,21.03,60.54,54.5,54.54
112,2020-05-13,4355992,323468,20.97,19.09,19.41,54.5,49.22,51.17
113,2020-05-14,4451634,329217,19.54,17.51,19.38,53.49,47.25,51.55
114,2020-05-15,4547536,334970,19.65,18.62,19.19,52.14,49.38,51.32
115,2020-05-16,4641426,339511,0.0,0.0,0.0,0.0,0.0,0.0
116,2020-05-17,4719789,343391,0.0,0.0,0.0,0.0,0.0,0.0
117,2020-05-18,4808921,347786,21.94,20.55,21.86,57.71,54.78,56.91
118,2020-05-19,4904739,352754,22.57,21.32,21.76,58.92,54.16,56.87
119,2020-05-20,5010162,358160,23.1,22.14,22.72,59.36,54.96,55.67
120,2020-05-21,5116135,363195,23.68,22.67,23.16,57.31,54.6,56.0
121,2020-05-22,5223477,368901,23.4,22.23,22.69,56.4,53.88,54.59
122,2020-05-23,5327627,373355,0.0,0.0,0.0,0.0,0.0,0.0
123,2020-05-24,5420843,376755,0.0,0.0,0.0,0.0,0.0,0.0
124,2020-05-25,5509066,378449,0.0,0.0,0.0,0.0,0.0,0.0
125,2020-05-26,5601428,383229,25.87,24.28,25.65,59.52,56.9,59.25
126,2020-05-27,5703984,388449,27.85,24.73,26.32,63.3,59.43,63.19
127,2020-05-28,5823977,393440,26.36,24.95,25.66,63.79,58.86,59.75
128,2020-05-29,5945413,398596,25.61,24.37,25.21,59.38,56.36,57.7
129,2020-05-30,6080456,402955,0.0,0.0,0.0,0.0,0.0,0.0
130,2020-05-31,6183316,406242,0.0,0.0,0.0,0.0,0.0,0.0
131,2020-06-01,6283580,409983,26.76,25.08,26.17,61.8,56.86,61.6
132,2020-06-02,6406221,415254,26.98,25.94,26.41,64.49,62.44,63.45
133,2020-06-03,6517437,420875,28.6,26.7,28.47,74.79,65.5,72.88
134,2020-06-04,6655667,426403,32.81,29.22,32.38,77.85,69.64,76.73
135,2020-06-05,6789073,431460,37.24,33.45,34.16,92.96,83.36,88.6
136,2020-06-06,6918403,435600,0.0,0.0,0.0,0.0,0.0,0.0
137,2020-06-07,7029415,438857,0.0,0.0,0.0,0.0,0.0,0.0
138,2020-06-08,7132463,443312,37.08,35.38,36.97,95.56,89.13,95.5
139,2020-06-09,7258445,448357,34.73,32.65,34.17,90.32,83.74,86.47
140,2020-06-10,7395607,453783,32.99,29.76,31.64,87.56,78.0,83.01
141,2020-06-11,7531793,458920,29.57,26.6,27.2,78.65,70.4,71.92
142,2020-06-12,7659267,463663,30.74,28.75,30.43,78.21,72.82,75.98
143,2020-06-13,7793175,468056,0.0,0.0,0.0,0.0,0.0,0.0
144,2020-06-14,7925122,471838,0.0,0.0,0.0,0.0,0.0,0.0
145,2020-06-15,8050034,475905,30.97,28.0,30.46,75.86,70.82,74.39
146,2020-06-16,8193933,483023,33.02,30.61,31.3,81.29,74.59,75.52
147,2020-06-17,8337135,488500,31.16,30.08,30.72,75.35,71.51,71.67
148,2020-06-18,8480229,493854,31.15,29.6,30.79,72.45,68.58,70.96
149,2020-06-19,8661225,500212,31.52,29.02,29.51,72.51,67.0,67.12
150,2020-06-20,8847108,504694,0.0,0.0,0.0,0.0,0.0,0.0
151,2020-06-21,8940170,509338,0.0,0.0,0.0,0.0,0.0,0.0
152,2020-06-22,9082502,513205,29.84,28.56,29.31,68.84,65.09,68.55
153,2020-06-23,9250625,518774,29.65,28.73,29.64,72.11,69.38,70.13
154,2020-06-24,9422061,524272,28.99,26.93,27.34,68.17,62.66,65.11
155,2020-06-25,9601576,529382,28.16,26.27,28.01,66.63,63.03,64.94
156,2020-06-26,9794066,534465,28.1,26.24,26.91,64.69,61.45,61.9
157,2020-06-27,9970478,539201,0.0,0.0,0.0,0.0,0.0,0.0
158,2020-06-28,10138935,542822,0.0,0.0,0.0,0.0,0.0,0.0
159,2020-06-29,10291617,546894,28.82,26.58,28.61,68.18,61.29,68.13
160,2020-06-30,10475388,552146,28.66,27.6,28.05,71.5,67.57,68.38
161,2020-07-01,10690516,557487,29.85,27.49,27.7,72.93,69.24,69.81
162,2020-07-02,10895486,563001,28.73,27.6,27.72,72.96,68.68,68.81
163,2020-07-03,11098124,568241,0.0,0.0,0.0,0.0,0.0,0.0
164,2020-07-04,11287838,573035,0.0,0.0,0.0,0.0,0.0,0.0
165,2020-07-05,11474058,576880,0.0,0.0,0.0,0.0,0.0,0.0
166,2020-07-06,11642331,581148,28.63,27.28,28.44,70.59,67.01,68.93
167,2020-07-07,11851900,587508,27.95,26.86,27.01,67.66,65.56,65.93
168,2020-07-08,12067186,593137,27.28,26.2,27.01,66.8,64.38,65.71
169,2020-07-09,12291782,598986,26.92,25.22,25.65,64.4,59.87,61.02
170,2020-07-10,12524663,604728,27.26,25.15,27.09,64.24,60.31,63.98
171,2020-07-11,12737483,609869,0.0,0.0,0.0,0.0,0.0,0.0
172,2020-07-12,12930415,614171,0.0,0.0,0.0,0.0,0.0,0.0
173,2020-07-13,13124893,618607,27.62,26.31,26.82,65.14,62.2,63.69
174,2020-07-14,13345920,624592,26.75,25.46,26.11,63.96,61.37,61.93
175,2020-07-15,13575706,630511,28.88,26.92,28.6,66.72,63.83,66.59
176,2020-07-16,13820618,636673,27.95,27.04,27.26,65.61,62.6,62.9
177,2020-07-17,14058038,643711,27.73,26.94,27.05,63.56,62.08,62.4
178,2020-07-18,14293379,650241,0.0,0.0,0.0,0.0,0.0,0.0
179,2020-07-19,14505270,655135,0.0,0.0,0.0,0.0,0.0,0.0
180,2020-07-20,14713414,659101,27.42,26.03,26.22,62.39,60.12,60.42
181,2020-07-21,14956435,665439,26.95,26.35,26.43,62.38,60.39,60.95
182,2020-07-22,15231791,672857,26.82,26.11,26.25,62.14,60.12,62.03
183,2020-07-23,15511422,679494,27.7017,25.78,26.78,62.69,60.61,61.8
184,2020-07-24,15794928,685956,26.6384,25.88,25.96,62.28,60.3,60.57
185,2020-07-25,16044485,692021,0.0,0.0,0.0,0.0,0.0,0.0
186,2020-07-26,16256294,696430,0.0,0.0,0.0,0.0,0.0,0.0
187,2020-07-27,16490680,701726,26.16,25.37,25.5,61.98,59.03,61.96
188,2020-07-28,16754567,708664,26.3,25.34,25.94,65.07,61.35,64.14
189,2020-07-29,17024801,715292,26.19,25.38,25.72,65.63,62.65,65.59
190,2020-07-30,17306582,722069,25.375,24.82,24.94,64.6,62.6201,63.62
191,2020-07-31,17594044,728679,25.005,24.425,24.97,63.9,61.5,62.35
192,2020-08-01,17840315,734665,0.0,0.0,0.0,0.0,0.0,0.0
193,2020-08-02,18070926,739352,0.0,0.0,0.0,0.0,0.0,0.0
194,2020-08-03,18276983,744209,25.48,24.3817,25.2,61.79,59.91,61.03
195,2020-08-04,18542287,751380,26.22,25.31,25.67,63.63,61.07,62.99
196,2020-08-05,18817443,758757,27.04,25.75,26.47,64.58,62.27,62.5
197,2020-08-06,19104145,765604,27.2999,26.13,27.08,62.71,61.19,61.2
198,2020-08-07,19386579,772357,27.2,26.465,27.18,62.54,60.51,62.19
199,2020-08-08,19651806,778381,0.0,0.0,0.0,0.0,0.0,0.0
200,2020-08-09,19884801,783575,0.0,0.0,0.0,0.0,0.0,0.0
201,2020-08-10,20118013,788952,29.41,27.375,29.34,69.1648,63.82,65.47
202,2020-08-11,20383576,795567,30.82,29.43,29.64,70.99,66.83,67.15
203,2020-08-12,20658646,802540,30.28,28.3601,29.09,68.94,65.62,67.83
204,2020-08-13,20948740,809327,29.58,28.485,28.7,68.249,65.73,66.02
205,2020-08-14,21255813,815894,29.19,28.15,28.95,68.45,65.17,68.18
206,2020-08-15,21504839,821948,0.0,0.0,0.0,0.0,0.0,0.0
207,2020-08-16,21714880,826748,0.0,0.0,0.0,0.0,0.0,0.0
208,2020-08-17,21927762,831371,29.04,27.76,28.02,68.39,66.18,68.18
209,2020-08-18,22187166,838427,28.28,27.374,27.63,67.5,63.88,65.13
210,2020-08-19,22464640,844850,29.115,27.555,27.67,65.64,63.74,63.88
211,2020-08-20,22736119,851277,27.7891,27.02,27.62,65.45,62.9,64.87
212,2020-08-21,22998072,857049,27.86,27.17,27.27,65.54,63.9,64.52
213,2020-08-22,23261601,862838,0.0,0.0,0.0,0.0,0.0,0.0
214,2020-08-23,23464360,867145,0.0,0.0,0.0,0.0,0.0,0.0
215,2020-08-24,23692460,872002,29.8,27.54,29.8,68.52,63.86,68.5
216,2020-08-25,23937668,878565,30.28,29.33,30.1,70.14,66.52,68.65
217,2020-08-26,24219359,885102,30.22,29.62,29.95,68.61,65.75,66.31
218,2020-08-27,24506622,891317,32.21,30.62,30.82,69.1,66.62,67.57
219,2020-08-28,24790561,897142,31.99,30.73,31.99,69.9,66.95,69.84
220,2020-08-29,25051295,902930,0.0,0.0,0.0,0.0,0.0,0.0
221,2020-08-30,25271033,907204,0.0,0.0,0.0,0.0,0.0,0.0
222,2020-08-31,25535340,911637,32.01,30.8,30.85,69.83,67.44,67.85
223,2020-09-01,25802224,918238,31.61,29.75,30.71,67.88,65.9,67.2
224,2020-09-02,26084114,924555,31.3,30.14,31.14,68.0299,65.96,67.84
225,2020-09-03,26369544,930655,32.53,30.47,31.22,70.98,66.87,68.0
226,2020-09-04,26671276,936495,32.37,30.61,31.77,72.48,68.84,70.24
227,2020-09-05,26944997,941588,0.0,0.0,0.0,0.0,0.0,0.0
228,2020-09-06,27173995,945723,0.0,0.0,0.0,0.0,0.0,0.0
229,2020-09-07,27391278,955346,0.0,0.0,0.0,0.0,0.0,0.0
230,2020-09-08,27637790,960469,33.1,31.34,32.54,70.75,68.79,70.05
231,2020-09-09,27923100,966734,32.44,31.32,31.76,70.17,67.96,68.86
232,2020-09-10,28227493,972736,32.7084,31.67,31.79,69.825,66.0,66.19
233,2020-09-11,28543855,978735,32.13,31.34,31.7,66.46,63.38,64.15
234,2020-09-12,28832580,983793,0.0,0.0,0.0,0.0,0.0,0.0
235,2020-09-13,29081415,987756,0.0,0.0,0.0,0.0,0.0,0.0
236,2020-09-14,29348555,992363,32.9,32.01,32.82,67.925,64.5253,67.8
237,2020-09-15,29629107,998925,34.4781,33.1,33.51,71.825,67.69,71.07
238,2020-09-16,29934059,1004793,34.99,33.19,34.57,75.2,70.04,74.12
239,2020-09-17,30249632,1010441,35.07,33.635,33.96,74.24,70.875,71.88
240,2020-09-18,30576278,1016293,34.02,32.575,32.84,71.9,69.59,69.83
241,2020-09-19,30869397,1021566,0.0,0.0,0.0,0.0,0.0,0.0
242,2020-09-20,31124526,1025548,0.0,0.0,0.0,0.0,0.0,0.0
243,2020-09-21,31384435,1029976,31.2,29.42,29.82,67.22,64.3525,64.87
244,2020-09-22,31668754,1036127,30.54,29.7201,30.22,67.07,64.75,65.11
245,2020-09-23,31980407,1042678,31.03,29.49,29.56,66.8,62.72,62.89
246,2020-09-24,32301360,1048346,29.51,27.92,29.01,64.16,59.6,62.83
247,2020-09-25,32631974,1054363,29.7901,28.78,29.78,63.93,62.0,63.58
248,2020-09-26,32918085,1059795,0.0,0.0,0.0,0.0,0.0,0.0
249,2020-09-27,33165079,1063680,0.0,0.0,0.0,0.0,0.0,0.0
250,2020-09-28,33426328,1067794,31.96,30.1389,31.34,66.535,64.8,65.79
251,2020-09-29,33709128,1073842,31.11,30.3,30.61,65.34,62.9,63.99
252,2020-09-30,34033675,1080268,31.85,30.48,30.58,66.12,63.7,64.68
253,2020-10-01,34352787,1089162,31.36,30.575,31.1,66.56,64.25,66.53
254,2020-10-02,34682292,1094892,32.3,29.61,31.75,68.5,64.05,68.2
255,2020-10-03,34979647,1099676,0.0,0.0,0.0,0.0,0.0,0.0
256,2020-10-04,35240179,1103717,0.0,0.0,0.0,0.0,0.0,0.0
257,2020-10-05,35551524,1110806,32.43,31.52,32.0,69.33,67.42,68.76
258,2020-10-06,35867647,1116668,32.72,30.91,31.06,72.63,69.01,69.98
259,2020-10-07,36216841,1122589,32.36,31.64,32.15,72.16,69.8,71.03
260,2020-10-08,36576162,1128972,33.0,31.915,32.68,71.23,69.4,70.07
261,2020-10-09,36936565,1135152,33.2742,32.29,32.81,70.3457,67.51,67.72
262,2020-10-10,37292089,1140057,0.0,0.0,0.0,0.0,0.0,0.0
263,2020-10-11,37581583,1144252,0.0,0.0,0.0,0.0,0.0,0.0
264,2020-10-12,37871608,1148379,32.805,32.3,32.64,68.11,66.7,68.02
265,2020-10-13,38190980,1153728,32.39,31.48,31.77,67.33,65.47,65.82
266,2020-10-14,38571764,1159891,32.32,31.65,31.76,66.54,65.26,65.72
267,2020-10-15,38978760,1166100,31.455,30.685,31.34,66.52,64.59,65.12
268,2020-10-16,39389280,1172313,31.76,31.24,31.47,65.7012,64.15,64.82
269,2020-10-17,39761413,1178040,0.0,0.0,0.0,0.0,0.0,0.0
270,2020-10-18,40092656,1181999,0.0,0.0,0.0,0.0,0.0,0.0
271,2020-10-19,40467606,1186841,32.27,31.31,31.5,65.35,63.84,63.91
272,2020-10-20,40856480,1193465,32.41,31.59,31.98,66.08,64.43,64.46
273,2020-10-21,41296091,1200368,31.94,31.37,31.5,65.01,63.34,64.21
274,2020-10-22,41778168,1206346,33.805,31.72,33.72,66.54,63.9,66.35
275,2020-10-23,42272069,1213450,34.04,32.9,34.0,67.8,65.9221,66.88
276,2020-10-24,42728414,1219368,0.0,0.0,0.0,0.0,0.0,0.0
277,2020-10-25,43087247,1223733,0.0,0.0,0.0,0.0,0.0,0.0
278,2020-10-26,43570291,1229572,33.5,31.53,31.93,66.1,63.87,64.68
279,2020-10-27,44038754,1236958,32.06,30.69,30.71,64.58,61.95,61.98
280,2020-10-28,44560523,1244133,30.15,28.74,29.65,61.63,59.35,60.76
281,2020-10-29,45111898,1251370,30.91,29.3402,30.76,64.11,60.17,63.41
282,2020-10-30,45683640,1259145,30.99,29.99,30.64,63.62,60.83,62.81
283,2020-10-31,46155745,1265816,0.0,0.0,0.0,0.0,0.0,0.0
284,2020-11-01,46594934,1271172,0.0,0.0,0.0,0.0,0.0,0.0
285,2020-11-02,47143303,1277629,30.63,29.67,30.22,64.88,62.59,64.71
286,2020-11-03,47708817,1287201,31.36,30.64,30.9,66.0,64.4,64.99
287,2020-11-04,48200961,1297094,31.31,30.11,30.43,64.91,62.12,62.28
288,2020-11-05,48820295,1305834,32.26,30.8,31.98,64.1,62.455,63.47
289,2020-11-06,49443478,1314990,31.8435,31.03,31.42,64.83,61.64,61.86
290,2020-11-07,50042669,1322776,0.0,0.0,0.0,0.0,0.0,0.0
291,2020-11-08,50533518,1329177,0.0,0.0,0.0,0.0,0.0,0.0
292,2020-11-09,51043324,1336758,38.69,34.68,36.77,82.5,73.1,79.1
293,2020-11-10,51614069,1346533,37.17,35.69,37.04,84.49,75.31,78.84
294,2020-11-11,52238734,1356950,36.79,34.73,35.02,78.5,72.52,73.41
295,2020-11-12,52878929,1366665,35.55,34.02,34.38,72.63,68.01,69.14
296,2020-11-13,53539863,1376562,36.675,34.85,36.46,75.1493,70.8,74.7
297,2020-11-14,54126889,1385731,0.0,0.0,0.0,0.0,0.0,0.0
298,2020-11-15,54617117,1392659,0.0,0.0,0.0,0.0,0.0,0.0
299,2020-11-16,55142751,1400713,38.65,37.24,38.0,82.42,78.85,78.96
300,2020-11-17,55745063,1411682,38.05,36.66,37.6,81.33,76.98,78.96
301,2020-11-18,56367328,1423148,39.3,37.89,37.91,81.0408,76.6,76.61
302,2020-11-19,57021314,1434288,38.13,37.48,37.91,81.33,75.49,80.63
303,2020-11-20,57695345,1446066,38.09,36.97,37.13,81.7898,79.26,81.12
304,2020-11-21,58287916,1455371,0.0,0.0,0.0,0.0,0.0,0.0
305,2020-11-22,58785996,1463040,0.0,0.0,0.0,0.0,0.0,0.0
306,2020-11-23,59320006,1471765,38.85,37.43,38.79,86.3,82.3,85.41
307,2020-11-24,59910792,1484276,41.29,39.41,41.26,91.37,88.4211,88.79
308,2020-11-25,60527871,1496269,41.487,40.05,41.29,88.88,86.3001,87.19
309,2020-11-26,61117132,1507211,0.0,0.0,0.0,0.0,0.0,0.0
310,2020-11-27,61812474,1518732,42.19,40.775,41.06,88.6,85.53,85.55
311,2020-11-28,62420041,1528249,0.0,0.0,0.0,0.0,0.0,0.0
312,2020-11-29,62915662,1535902,0.0,0.0,0.0,0.0,0.0,0.0
313,2020-11-30,63422239,1544981,41.05,39.35,40.25,86.9,82.4,82.57
314,2020-12-01,64037142,1557368,41.06,39.92,39.96,86.29,83.89,84.99
315,2020-12-02,64677389,1569854,41.275,39.0582,41.07,87.99,82.6,87.25
316,2020-12-03,65367986,1582561,43.76,41.56,42.95,91.7,87.29,89.63
317,2020-12-04,66064345,1594992,43.49,42.0701,42.36,94.3596,90.7075,93.91
318,2020-12-05,66706697,1605596,0.0,0.0,0.0,0.0,0.0,0.0
319,2020-12-06,67250638,1613691,0.0,0.0,0.0,0.0,0.0,0.0
320,2020-12-07,67785484,1622523,42.83,41.74,42.35,93.8,89.0,89.37
321,2020-12-08,68416150,1634560,42.88,41.77,42.41,91.9488,88.5,90.11
322,2020-12-09,69081500,1647129,43.48,41.3348,42.11,92.16,89.19,90.84
323,2020-12-10,70576907,1659547,42.75,41.07,42.62,90.96,89.08,90.44
324,2020-12-11,71282658,1672729,42.43,41.14,41.74,89.93,86.29,87.9
325,2020-12-12,71931348,1683558,0.0,0.0,0.0,0.0,0.0,0.0
326,2020-12-13,72470142,1691787,0.0,0.0,0.0,0.0,0.0,0.0
327,2020-12-14,73021298,1700981,42.38,40.67,40.69,90.18,86.7556,87.32
328,2020-12-15,73669919,1714204,41.93,40.1576,41.85,89.76,87.221,89.74
329,2020-12-16,74387461,1728111,41.81,40.66,41.08,90.3,88.13,88.28
330,2020-12-17,75126063,1741277,41.42,40.61,41.11,89.23,87.49,89.03
331,2020-12-18,75847501,1754342,41.03,40.28,40.68,89.07,84.92,85.43
332,2020-12-19,76483006,1765600,0.0,0.0,0.0,0.0,0.0,0.0
333,2020-12-20,77030307,1773979,0.0,0.0,0.0,0.0,0.0,0.0
334,2020-12-21,77576529,1783464,40.35,39.16,40.14,84.5,82.25,83.65
335,2020-12-22,78227986,1797308,40.49,38.84,38.94,85.56,82.02,83.72
336,2020-12-23,78910081,1811049,40.47,39.18,40.24,85.25,83.21,83.65
337,2020-12-24,79603472,1823258,40.44,39.605,39.73,84.59,83.05,84.37
338,2020-12-25,80096696,1831882,0.0,0.0,0.0,0.0,0.0,0.0
339,2020-12-26,80629340,1840235,0.0,0.0,0.0,0.0,0.0,0.0
340,2020-12-27,81042534,1848389,0.0,0.0,0.0,0.0,0.0,0.0
341,2020-12-28,81541719,1857935,40.7758,40.01,40.15,86.15,84.51,85.48
342,2020-12-29,82213594,1872872,40.84,39.9,40.03,86.57,82.942,83.29
343,2020-12-30,82938894,1888314,40.905,39.89,40.56,85.55,83.21,83.97
344,2020-12-31,83778622,1901777,40.74,39.76,40.21,85.35,82.3573,85.28
345,2021-01-01,84342314,1911418,0.0,0.0,0.0,0.0,0.0,0.0
346,2021-01-02,84946690,1920880,0.0,0.0,0.0,0.0,0.0,0.0
347,2021-01-03,85467020,1928820,0.0,0.0,0.0,0.0,0.0,0.0
348,2021-01-04,86024461,1938770,40.34,38.3306,38.73,86.24,82.06,82.81
349,2021-01-05,86765351,1954189,40.085,38.45,39.55,84.315,82.93,83.17
350,2021-01-06,87556264,1969110,40.9,39.54,40.38,86.48,83.75,85.07
351,2021-01-07,88426222,1984073,40.945,40.21,40.23,87.24,84.51,85.13
352,2021-01-08,89261637,1999363,40.6911,39.765,40.02,86.5,83.7001,86.49
353,2021-01-09,90017904,2012679,0.0,0.0,0.0,0.0,0.0,0.0
354,2021-01-10,90619443,2022236,0.0,0.0,0.0,0.0,0.0,0.0
355,2021-01-11,91233917,2032515,39.99,38.9,39.41,85.6,82.85,83.14
356,2021-01-12,91926453,2049477,40.41,39.16,40.3,85.99,83.21,85.43
357,2021-01-13,92669726,2065943,40.74,39.6299,40.45,89.28,85.4,88.87
358,2021-01-14,93428784,2081663,42.64,41.12,41.47,95.7457,89.31,94.95
359,2021-01-15,94212637,2097380,41.67,39.96,39.98,94.24,92.33,93.0
360,2021-01-16,94869509,2111413,0.0,0.0,0.0,0.0,0.0,0.0
361,2021-01-17,95397119,2121283,0.0,0.0,0.0,0.0,0.0,0.0
362,2021-01-18,95914366,2131731,0.0,0.0,0.0,0.0,0.0,0.0
363,2021-01-19,96507148,2147411,40.65,39.8007,40.31,93.78,90.74,92.67
364,2021-01-20,97194354,2165160,41.77,40.5,41.62,96.01,92.02,95.29
365,2021-01-21,97863110,2182453,41.43,40.17,40.67,95.76,93.7,94.51
366,2021-01-22,98526596,2198512,40.27,39.81,40.0,96.0,92.05,95.49
367,2021-01-23,99103312,2213077,0.0,0.0,0.0,0.0,0.0,0.0
368,2021-01-24,99565294,2222839,0.0,0.0,0.0,0.0,0.0,0.0
369,2021-01-25,100046846,2233981,39.75,38.42,38.9,100.17,94.0,97.48
370,2021-01-26,100608158,2251396,39.64,38.98,39.32,99.66,96.64,99.05
371,2021-01-27,101209122,2268312,39.2254,38.1609,38.52,103.5,96.09,96.64
372,2021-01-28,101824237,2284838,40.37,38.99,40.08,99.03,96.689,97.51
373,2021-01-29,102413219,2300601,39.83,37.74,37.96,97.829,92.11,92.93
374,2021-01-30,102928083,2313886,0.0,0.0,0.0,0.0,0.0,0.0
375,2021-01-31,103324692,2323435,0.0,0.0,0.0,0.0,0.0,0.0
376,2021-02-01,103767694,2333683,38.4448,37.415,37.82,93.6,90.56,92.94
377,2021-02-02,104233148,2348540,38.88,37.99,38.8,94.11,91.36,92.46
378,2021-02-03,104758397,2364399,39.9,38.7,39.78,93.75,91.02,93.38
379,2021-02-04,105230171,2377326,41.07,39.94,40.93,96.24,93.38,95.16
380,2021-02-05,105766676,2394507,41.4,40.75,41.15,97.9,95.92,96.75
381,2021-02-06,106201874,2406362,0.0,0.0,0.0,0.0,0.0,0.0
382,2021-02-07,106553422,2414130,0.0,0.0,0.0,0.0,0.0,0.0
383,2021-02-08,106893339,2423690,43.4597,41.36,43.24,99.47,96.6604,98.94
384,2021-02-09,107300629,2438420,42.96,41.81,42.51,105.0143,101.35,102.55
385,2021-02-10,107741093,2452277,43.22,42.16,42.9,108.65,103.1,106.22
386,2021-02-11,108184860,2466147,43.135,41.995,42.72,111.4223,107.25,109.27
387,2021-02-12,108614449,2479026,43.94,42.41,43.29,110.6364,107.71,109.26
388,2021-02-13,108994937,2489712,0.0,0.0,0.0,0.0,0.0,0.0
389,2021-02-14,109303582,2496818,0.0,0.0,0.0,0.0,0.0,0.0
390,2021-02-15,109584404,2504635,0.0,0.0,0.0,0.0,0.0,0.0
391,2021-02-16,109944197,2515738,44.81,43.78,44.65,111.42,108.63,109.98
392,2021-02-17,110330576,2527093,44.5,43.535,44.39,110.49,107.1,108.23
393,2021-02-18,110741376,2539082,44.545,43.37,44.38,108.6418,105.7238,106.52
394,2021-02-19,111151038,2550740,46.22,44.55,45.67,109.93,106.7,109.43
395,2021-02-20,111526248,2559836,0.0,0.0,0.0,0.0,0.0,0.0
396,2021-02-21,111845811,2566627,0.0,0.0,0.0,0.0,0.0,0.0
397,2021-02-22,112141380,2573874,48.93,46.47,47.74,115.3299,108.93,112.77
398,2021-02-23,112534122,2585355,48.875,45.7,48.34,115.935,110.06,115.12
399,2021-02-24,112979052,2597797,50.2,48.62,49.6,121.13,114.5,119.0
400,2021-02-25,113432016,2608800,50.0,47.225,48.25,121.3099,113.65,114.82
401,2021-02-26,113873956,2619349,49.14,47.28,47.94,116.46,111.26,112.92
402,2021-02-27,114270693,2628079,0.0,0.0,0.0,0.0,0.0,0.0
403,2021-02-28,114578478,2634579,0.0,0.0,0.0,0.0,0.0,0.0
404,2021-03-01,114883979,2642087,49.959,48.06,48.06,117.85,113.84,113.92
405,2021-03-02,115197242,2652344,48.6799,47.38,48.23,114.11,111.34,111.68
406,2021-03-03,115639088,2663901,49.085,48.14,48.35,115.725,112.05,113.99
407,2021-03-04,116097496,2674306,48.41,45.32,46.96,115.16,106.75,110.11
408,2021-03-05,116546593,2684847,47.0,43.01,46.21,112.29,104.12,111.17
409,2021-03-06,116960620,2693104,0.0,0.0,0.0,0.0,0.0,0.0
410,2021-03-07,117335064,2699185,0.0,0.0,0.0,0.0,0.0,0.0
411,2021-03-08,117640533,2706378,48.22,46.7,47.88,114.97,111.17,111.7
412,2021-03-09,118054577,2716871,48.08,46.34,47.62,112.75,108.71,111.0
413,2021-03-10,118513444,2727028,48.575,47.16,47.8,114.93,110.69,114.31
414,2021-03-11,119003124,2737241,48.96,47.58,48.32,117.02,113.27,115.84
415,2021-03-12,119492372,2747105,49.86,48.08,49.83,118.03,115.6,117.85
416,2021-03-13,119947968,2755757,0.0,0.0,0.0,0.0,0.0,0.0
417,2021-03-14,120313043,2761748,0.0,0.0,0.0,0.0,0.0,0.0
418,2021-03-15,120667127,2769255,52.28,50.75,50.99,121.92,116.85,121.01
419,2021-03-16,121134161,2779868,51.14,49.03,49.39,121.11,116.745,117.19
420,2021-03-17,121679877,2790458,50.64,49.01,50.44,118.66,116.46,118.24
421,2021-03-18,122227806,2801179,50.98,48.93,49.18,120.82,115.63,116.82
422,2021-03-19,122790345,2811995,49.21,47.83,49.0,118.46,114.11,116.69
423,2021-03-20,123288792,2820738,0.0,0.0,0.0,0.0,0.0,0.0
424,2021-03-21,123729261,2829290,0.0,0.0,0.0,0.0,0.0,0.0
425,2021-03-22,124150452,2837256,48.62,47.745,47.97,116.88,113.8412,115.25
426,2021-03-23,124656291,2848741,47.83,45.45,45.64,114.96,109.52,110.41
427,2021-03-24,125285990,2859349,47.3999,45.56,45.61,114.28,109.39,109.4
428,2021-03-25,125938183,2870902,47.215,44.52,47.01,114.15,106.68,113.64
429,2021-03-26,126578225,2883671,47.94,46.56,47.66,116.66,112.21,114.67
430,2021-03-27,127162758,2893881,0.0,0.0,0.0,0.0,0.0,0.0
431,2021-03-28,127655412,2901166,0.0,0.0,0.0,0.0,0.0,0.0
432,2021-03-29,128114688,2909829,48.1,46.71,47.32,115.24,110.96,113.81
433,2021-03-30,128676894,2921730,49.04,47.42,48.9,116.45,113.7,115.39
434,2021-03-31,129350790,2934661,49.02,48.11,48.28,115.65,113.47,113.77
435,2021-04-01,130060609,2946963,49.21,48.28,48.83,115.35,112.63,115.2
436,2021-04-02,130705394,2957615,0.0,0.0,0.0,0.0,0.0,0.0
437,2021-04-03,131245744,2966954,0.0,0.0,0.0,0.0,0.0,0.0
438,2021-04-04,131805666,2974382,0.0,0.0,0.0,0.0,0.0,0.0
439,2021-04-05,132302655,2982636,50.98,49.47,50.25,116.0,113.27,115.05
440,2021-04-06,132910149,2995089,51.81,50.54,51.65,116.86,114.51,116.49
441,2021-04-07,133573288,3010448,51.82,50.03,50.2,117.71,115.12,117.01
442,2021-04-08,134409344,3024749,50.21,49.14,49.81,115.64,113.61,114.33
443,2021-04-09,135156662,3039094,49.81,48.83,49.27,116.21,114.04,115.91
444,2021-04-10,135827306,3052100,0.0,0.0,0.0,0.0,0.0,0.0
445,2021-04-11,136536918,3061223,0.0,0.0,0.0,0.0,0.0,0.0
446,2021-04-12,137150764,3071131,49.14,48.17,48.82,116.87,113.4401,114.74
447,2021-04-13,137914588,3084925,48.4999,46.57,48.26,114.1,111.3,113.38
448,2021-04-14,138725902,3099015,49.5,47.92,48.17,115.75,113.56,113.76
449,2021-04-15,139547133,3112671,49.05,46.15,46.82,115.56,113.62,114.57
450,2021-04-16,140406983,3126051,47.43,46.34,46.64,118.5,115.93,117.12
451,2021-04-17,141200970,3138668,0.0,0.0,0.0,0.0,0.0,0.0
452,2021-04-18,141901080,3147807,0.0,0.0,0.0,0.0,0.0,0.0
453,2021-04-19,142592012,3158941,46.47,45.63,46.15,116.89,114.95,116.56
454,2021-04-20,143431609,3173235,45.52,43.76,44.45,116.42,113.12,114.26
455,2021-04-21,144320851,3187988,45.735,43.34,45.7,117.9,112.61,117.63
456,2021-04-22,145220252,3201909,46.33,44.63,44.65,119.06,115.57,115.65
457,2021-04-23,146127911,3217170,45.94,44.45,45.8,117.12,115.41,116.92
458,2021-04-24,146952141,3230302,0.0,0.0,0.0,0.0,0.0,0.0
459,2021-04-25,147680627,3241075,0.0,0.0,0.0,0.0,0.0,0.0
460,2021-04-26,148369677,3252705,47.1,46.12,46.61,121.7,118.43,120.17
461,2021-04-27,149208799,3267706,46.74,46.085,46.34,123.3,119.46,122.36
462,2021-04-28,150107590,3283651,46.75,46.09,46.44,125.42,122.65,123.1
463,2021-04-29,151001625,3299390,47.01,46.0601,46.38,125.55,121.77,123.33
464,2021-04-30,151892994,3313809,47.08,45.9,46.92,123.095,120.9333,121.74
465,2021-05-01,152687904,3326848,0.0,0.0,0.0,0.0,0.0,0.0
466,2021-05-02,153375175,3337179,0.0,0.0,0.0,0.0,0.0,0.0
467,2021-05-03,154065632,3348864,47.23,46.08,46.57,123.83,121.64,123.2
468,2021-05-04,154850588,3362923,46.41,44.08,44.66,123.96,120.4,121.36
469,2021-05-05,155692589,3377827,45.81,44.56,45.2,122.65,120.335,120.92
470,2021-05-06,156565435,3392403,45.51,44.16,44.93,122.98,120.28,122.92
471,2021-05-07,157400261,3406868,46.345,44.77,46.11,125.0,121.8,124.94
472,2021-05-08,158188559,3420197,0.0,0.0,0.0,0.0,0.0,0.0
473,2021-05-09,158837968,3430671,0.0,0.0,0.0,0.0,0.0,0.0
474,2021-05-10,159463612,3441763,46.77,45.41,45.43,128.25,125.64,126.75
475,2021-05-11,160189411,3455934,45.05,43.61,44.52,123.97,119.572,122.64
476,2021-05-12,160956898,3470075,44.74,42.935,43.03,123.36,117.21,117.62
477,2021-05-13,161691597,3483510,44.3,42.94,43.97,121.31,116.53,117.99
478,2021-05-14,162401162,3496538,46.435,44.81,46.31,122.95,118.75,122.18
479,2021-05-15,163032774,3508823,0.0,0.0,0.0,0.0,0.0,0.0
480,2021-05-16,163579396,3519124,0.0,0.0,0.0,0.0,0.0,0.0
481,2021-05-17,164122938,3530454,46.83,45.26,46.75,123.18,121.2101,122.24
482,2021-05-18,164742576,3544530,47.795,46.3899,46.73,123.85,120.72,122.57
483,2021-05-19,165414621,3557987,46.2909,45.13,46.14,122.32,118.41,122.27
484,2021-05-20,165696927,3571167,46.37,44.91,45.41,123.0865,120.75,122.57
485,2021-05-21,166323402,3584143,46.0,45.11,45.21,124.31,121.95,122.38
486,2021-05-22,166895763,3595588,0.0,0.0,0.0,0.0,0.0,0.0
487,2021-05-23,167377386,3605452,0.0,0.0,0.0,0.0,0.0,0.0
488,2021-05-24,167828464,3614598,46.2801,45.01,46.17,124.98,122.31,124.64
489,2021-05-25,168361871,3627580,48.16,46.505,46.67,126.6899,124.18,124.4
490,2021-05-26,168930299,3640387,47.57,46.81,47.49,127.02,123.8,126.7
491,2021-05-27,169477196,3653327,48.198,47.25,48.05,128.72,127.1,128.29
492,2021-05-28,169982707,3665348,48.06,47.25,47.68,129.2,127.66,128.49
493,2021-05-29,170463127,3676155,0.0,0.0,0.0,0.0,0.0,0.0
494,2021-05-30,170853074,3684555,0.0,0.0,0.0,0.0,0.0,0.0
495,2021-05-31,171240130,3693252,0.0,0.0,0.0,0.0,0.0,0.0
496,2021-06-01,171700134,3708466,48.54,47.43,47.7,134.21,129.7,134.19
497,2021-06-02,172187762,3720392,48.28,47.415,47.77,135.515,132.35,135.19
498,2021-06-03,172668261,3730550,47.38,46.07,46.13,134.75,132.03,134.06
499,2021-06-04,173093152,3741209,46.73,45.68,45.98,134.9321,131.62,132.27
500,2021-06-05,173489803,3750622,0.0,0.0,0.0,0.0,0.0,0.0
501,2021-06-06,173812784,3757928,0.0,0.0,0.0,0.0,0.0,0.0
502,2021-06-07,174134551,3766003,46.38,45.885,46.08,134.25,131.77,134.0
503,2021-06-08,174504668,3776657,47.38,46.375,47.04,136.7,133.8999,135.71
504,2021-06-09,174922960,3786840,47.4,46.48,46.52,136.63,135.31,135.59
505,2021-06-10,175376464,3802820,47.44,45.99,46.28,136.57,132.7,134.54
506,2021-06-11,175798501,3814560,46.63,46.0,46.5,134.84,133.32,134.23
507,2021-06-12,176166881,3824370,0.0,0.0,0.0,0.0,0.0,0.0
508,2021-06-13,176469682,3833641,0.0,0.0,0.0,0.0,0.0,0.0
509,2021-06-14,176778984,3841632,46.79,45.72,45.9,135.2,132.0901,133.28
510,2021-06-15,177153741,3852383,46.28,45.31,45.53,133.61,130.3,131.29
511,2021-06-16,177542916,3862466,45.99,45.13,45.52,132.5063,130.04,130.73
512,2021-06-17,177938911,3871765,46.05,44.25,44.57,130.96,126.05,128.66
513,2021-06-18,178342418,3880958,45.38,43.95,44.96,128.2107,125.28,125.33
514,2021-06-19,178689716,3889039,0.0,0.0,0.0,0.0,0.0,0.0
515,2021-06-20,178994480,3895907,0.0,0.0,0.0,0.0,0.0,0.0
516,2021-06-21,179291135,3902891,45.78,44.82,45.77,131.82,126.4,131.5
517,2021-06-22,179701349,3911876,45.79,44.87,45.37,131.4,129.23,130.25
518,2021-06-23,180097972,3921222,45.6124,45.01,45.27,132.99,130.81,132.21
519,2021-06-24,180507231,3929883,45.64,44.59,44.91,132.875,129.88,130.62
520,2021-06-25,180924899,3939117,44.983,44.2623,44.43,131.6,129.85,131.07
521,2021-06-26,181287796,3946659,0.0,0.0,0.0,0.0,0.0,0.0
522,2021-06-27,181599032,3952754,0.0,0.0,0.0,0.0,0.0,0.0
523,2021-06-28,181932050,3959315,44.1,42.58,43.12,131.03,128.25,130.2
524,2021-06-29,182313258,3967474,43.475,42.81,42.87,132.22,130.58,130.99
525,2021-06-30,182712726,3976679,43.59,42.81,43.26,132.28,130.25,130.48
526,2021-07-01,183148268,3985220,44.42,43.5,44.23,132.89,129.07,131.54
527,2021-07-02,183590610,3993596,44.3,43.72,44.15,132.07,129.18,129.63
528,2021-07-03,183964437,4000499,0.0,0.0,0.0,0.0,0.0,0.0
529,2021-07-04,184292181,4007139,0.0,0.0,0.0,0.0,0.0,0.0
530,2021-07-05,184670098,4014530,0.0,0.0,0.0,0.0,0.0,0.0
531,2021-07-06,185120629,4023012,44.54,43.0,43.24,129.35,126.08,127.64
532,2021-07-07,185585871,4031566,43.47,41.945,42.54,127.31,124.1,125.79
533,2021-07-08,186067750,4040486,42.8,41.1204,42.07,126.265,122.01,125.09
534,2021-07-09,186580986,4048903,43.2,42.3,42.92,129.78,126.68,129.69
535,2021-07-10,187002099,4055467,0.0,0.0,0.0,0.0,0.0,0.0
536,2021-07-11,187371991,4063098,0.0,0.0,0.0,0.0,0.0,0.0
537,2021-07-12,187806155,4071240,43.38,42.03,42.85,130.7771,128.055,130.27
538,2021-07-13,188331814,4079621,42.5499,41.185,41.33,130.04,126.43,126.61
539,2021-07-14,188869796,4088212,42.2,40.12,40.68,128.65,126.15,127.45
540,2021-07-15,189446223,4096847,42.27,40.68,41.35,127.81,125.29,126.54
541,2021-07-16,190042161,4105608,42.045,39.84,40.06,127.83,124.32,124.5
542,2021-07-17,190531011,4113118,0.0,0.0,0.0,0.0,0.0,0.0
543,2021-07-18,190951220,4119721,0.0,0.0,0.0,0.0,0.0,0.0
544,2021-07-19,191440687,4126947,39.0,37.56,38.56,120.57,114.715,117.19
545,2021-07-20,191973106,4147646,40.815,38.43,40.66,126.15,118.26,125.63
546,2021-07-21,192529214,4156313,42.2,41.0,41.61,129.22,126.7,127.93
547,2021-07-22,193094403,4165094,41.555,40.41,41.06,127.53,124.409,125.1
548,2021-07-23,193822543,4173425,41.63,40.32,40.41,126.6646,122.85,124.15
549,2021-07-24,194254462,4182089,0.0,0.0,0.0,0.0,0.0,0.0
550,2021-07-25,194700076,4189471,0.0,0.0,0.0,0.0,0.0,0.0
551,2021-07-26,195240703,4197977,41.7,40.31,41.67,127.24,123.84,127.03
552,2021-07-27,195847033,4207766,41.49,40.5,40.96,126.83,124.85,125.87
553,2021-07-28,196497116,4217888,41.645,40.63,41.3,126.9099,123.905,125.22
554,2021-07-29,197139985,4228154,41.63,40.95,41.23,128.3,125.72,125.92
555,2021-07-30,197872339,4237757,41.06,39.75,39.9,128.12,125.5,126.52
556,2021-07-31,198389684,4246601,0.0,0.0,0.0,0.0,0.0,0.0
557,2021-08-01,198872752,4254020,0.0,0.0,0.0,0.0,0.0,0.0
558,2021-08-02,199443855,4262171,40.97,39.399,39.45,130.84,126.02,126.32
559,2021-08-03,200078130,4272524,39.845,38.545,39.77,130.97,127.04,129.54
560,2021-08-04,200758588,4283016,39.48,37.9,38.35,132.33,128.26,128.7
561,2021-08-05,201444210,4294008,40.16,38.47,39.99,134.75,129.49,134.03
562,2021-08-06,202263736,4304479,40.68,39.48,40.32,136.05,134.02,135.2
563,2021-08-07,202825005,4313156,0.0,0.0,0.0,0.0,0.0,0.0
564,2021-08-08,203292722,4320653,0.0,0.0,0.0,0.0,0.0,0.0
565,2021-08-09,203911805,4329483,40.02,38.75,39.29,134.45,132.71,132.86
566,2021-08-10,204557617,4341001,41.03,39.205,40.46,133.5305,131.27,132.11
567,2021-08-11,205288310,4351528,41.3,39.68,41.3,134.07,131.17,133.51
568,2021-08-12,205994052,4362040,41.13,40.045,40.53,134.28,132.2501,133.85
569,2021-08-13,206795847,4372514,40.57,39.79,39.9,134.84,133.18,133.67
570,2021-08-14,207348758,4381256,0.0,0.0,0.0,0.0,0.0,0.0
571,2021-08-15,207815449,4388700,0.0,0.0,0.0,0.0,0.0,0.0
572,2021-08-16,208479793,4398564,40.015,38.88,39.93,133.67,130.55,130.97
573,2021-08-17,209162480,4409274,39.46,38.28,38.78,129.3316,125.93,128.11
574,2021-08-18,209898123,4420094,39.47,38.4,38.65,129.66,126.09,128.0
575,2021-08-19,210609857,4431541,38.53,37.3064,37.93,129.22,126.0,128.46
576,2021-08-20,211395070,4442035,38.25,37.75,38.12,129.43,126.61,128.77
577,2021-08-21,211954124,4450955,0.0,0.0,0.0,0.0,0.0,0.0
578,2021-08-22,212402204,4458738,0.0,0.0,0.0,0.0,0.0,0.0
579,2021-08-23,213086398,4468791,39.33,38.63,39.21,131.0989,128.93,129.46
580,2021-08-24,213763171,4479815,40.865,39.82,40.53,132.7,130.23,132.56
581,2021-08-25,214500582,4491128,41.4399,40.16,41.3,134.52,131.63,132.54
582,2021-08-26,215237031,4502719,41.48,40.2845,40.77,132.74,130.64,131.04
583,2021-08-27,215988154,4513136,41.75,40.82,41.52,135.1499,132.36,133.69
584,2021-08-28,216545334,4521572,0.0,0.0,0.0,0.0,0.0,0.0
585,2021-08-29,216992164,4528394,0.0,0.0,0.0,0.0,0.0,0.0
586,2021-08-30,217664015,4537965,41.8,39.88,39.91,134.01,131.93,133.41
587,2021-08-31,218284677,4547280,40.59,39.62,40.44,135.2,132.765,134.45
588,2021-09-01,219003757,4559705,40.58,39.88,40.4,136.45,134.26,135.81
589,2021-09-02,219680532,4570959,41.06,39.86,40.82,137.38,135.39,136.42
590,2021-09-03,220404105,4581684,41.185,40.145,40.25,136.1751,134.245,135.75
591,2021-09-04,220900816,4589458,0.0,0.0,0.0,0.0,0.0,0.0
592,2021-09-05,221347788,4596034,0.0,0.0,0.0,0.0,0.0,0.0
593,2021-09-06,221825561,4604204,0.0,0.0,0.0,0.0,0.0,0.0
594,2021-09-07,222482051,4614669,40.52,39.842,40.35,135.7,133.23,134.58
595,2021-09-08,223119762,4624746,40.9201,39.6,39.65,133.84,130.77,132.14
596,2021-09-09,223759907,4635493,41.77,39.4515,41.09,132.14,129.96,130.64
597,2021-09-10,224418618,4644672,41.13,39.345,39.36,131.31,127.89,127.9
598,2021-09-11,224887140,4653045,0.0,0.0,0.0,0.0,0.0,0.0
599,2021-09-12,225258543,4658713,0.0,0.0,0.0,0.0,0.0,0.0
600,2021-09-13,225836445,4667871,40.18,38.8,40.18,131.87,128.35,131.12
601,2021-09-14,226386274,4677775,40.18,39.22,39.44,131.99,128.68,129.56
602,2021-09-15,226953125,4688201,39.695,38.82,39.64,131.97,128.69,131.15
603,2021-09-16,227540479,4698716,40.675,39.68,40.22,133.78,131.15,132.67
604,2021-09-17,228163698,4707779,40.99,39.79,40.11,133.3,131.15,131.27
605,2021-09-18,228687569,4714262,0.0,0.0,0.0,0.0,0.0,0.0
606,2021-09-19,229050966,4720360,0.0,0.0,0.0,0.0,0.0,0.0
607,2021-09-20,229581157,4728733,40.84,39.42,40.78,130.36,127.065,129.52
608,2021-09-21,230069837,4738088,41.74,40.14,40.36,132.6,130.35,130.38
609,2021-09-22,230604815,4747809,41.945,40.68,41.59,134.9,131.85,133.64
610,2021-09-23,231152445,4757656,42.77,41.7248,42.59,136.47,134.32,135.12
611,2021-09-24,231701691,4766356,43.74,42.67,43.53,136.25,133.82,133.85
612,2021-09-25,232075693,4771829,0.0,0.0,0.0,0.0,0.0,0.0
613,2021-09-26,232431512,4777361,0.0,0.0,0.0,0.0,0.0,0.0
614,2021-09-27,232914281,4785135,45.06,43.75,43.78,137.24,134.01,134.15
615,2021-09-28,233365258,4794511,44.21,43.3112,43.44,135.12,133.19,133.71
616,2021-09-29,233856235,4803804,43.99,42.75,43.36,134.515,133.2,133.85
617,2021-09-30,234346132,4812680,43.08,42.37,42.61,134.5,129.42,129.97
618,2021-10-01,234868134,4821315,45.65,43.89,45.38,134.16,130.15,133.14
619,2021-10-02,235218776,4827259,0.0,0.0,0.0,0.0,0.0,0.0
620,2021-10-03,235527819,4831615,0.0,0.0,0.0,0.0,0.0,0.0
621,2021-10-04,235974883,4838855,46.0,44.81,44.96,134.0,131.59,132.25
622,2021-10-05,236397732,4846217,45.56,44.46,44.74,132.27,130.42,131.39
623,2021-10-06,236904785,4855353,44.14,43.22,44.02,132.65,128.6,132.61
624,2021-10-07,237366619,4864310,44.5765,43.52,43.68,136.2,132.95,134.01
625,2021-10-08,237842039,4871872,43.8,43.09,43.38,135.1,131.765,132.08
626,2021-10-09,238182243,4876698,0.0,0.0,0.0,0.0,0.0,0.0
627,2021-10-10,238498696,4881452,0.0,0.0,0.0,0.0,0.0,0.0
628,2021-10-11,238886684,4887418,43.935,42.72,43.19,133.68,131.02,132.62
629,2021-10-12,239324892,4895389,43.805,42.77,43.54,135.25,131.33,134.77
630,2021-10-13,239781314,4904291,42.74,40.89,41.03,137.56,134.22,137.15
631,2021-10-14,240234710,4912300,41.49,40.88,41.2,139.9,137.51,139.33
632,2021-10-15,240692696,4919505,42.27,40.95,40.99,141.655,139.33,140.22
633,2021-10-16,241034054,4924851,0.0,0.0,0.0,0.0,0.0,0.0
634,2021-10-17,241347355,4929210,0.0,0.0,0.0,0.0,0.0,0.0
635,2021-10-18,241775141,4935809,41.41,40.52,41.01,144.79,139.9,144.53
636,2021-10-19,242206709,4943758,41.07,40.34,40.45,145.01,142.69,142.84
637,2021-10-20,242683018,4952429,41.07,39.91,40.3,144.98,142.07,144.96
638,2021-10-21,243145068,4960196,40.75,40.02,40.4,145.04,143.38,143.96
639,2021-10-22,243637892,4968369,40.3941,39.65,39.74,145.6,144.0,145.14
640,2021-10-23,244008150,4974256,0.0,0.0,0.0,0.0,0.0,0.0
641,2021-10-24,244317353,4978899,0.0,0.0,0.0,0.0,0.0,0.0
642,2021-10-25,244769753,4985790,39.91,39.37,39.51,146.9,143.75,146.83
643,2021-10-26,245196224,4993535,40.29,39.46,39.71,147.77,145.4834,146.37
644,2021-10-27,245710221,5002670,39.93,39.015,39.07,146.46,143.7,143.93
645,2021-10-28,246193247,5011607,39.37,38.83,39.15,147.23,143.84,147.12
646,2021-10-29,246687330,5019428,39.5,38.81,39.13,147.74,145.68,146.58
647,2021-10-30,247061943,5025432,0.0,0.0,0.0,0.0,0.0,0.0
648,2021-10-31,247410790,5030069,0.0,0.0,0.0,0.0,0.0,0.0
649,2021-11-01,247868435,5036555,40.45,38.91,40.42,149.41,147.19,149.36
650,2021-11-02,248272884,5043629,40.5,39.83,40.39,159.97,154.4459,158.99
651,2021-11-03,248797676,5052089,41.3499,40.03,41.24,166.79,158.7412,166.24
652,2021-11-04,249315133,5059658,41.4899,40.58,40.99,167.67,164.52,165.71
653,2021-11-05,249839415,5068238,44.415,43.26,44.29,170.91,167.27,170.5
654,2021-11-06,250245164,5074885,0.0,0.0,0.0,0.0,0.0,0.0
655,2021-11-07,250585863,5079504,0.0,0.0,0.0,0.0,0.0,0.0
656,2021-11-08,251110911,5086314,45.52,44.5,44.65,171.01,166.26,167.39
657,2021-11-09,251580325,5094315,44.57,43.72,44.53,167.58,165.54,167.49
658,2021-11-10,252153854,5102578,44.47,43.53,43.71,167.69,163.78,163.97
659,2021-11-11,252674737,5110254,44.235,43.45,43.45,166.31,163.91,165.44
660,2021-11-12,253274490,5119251,43.53,41.87,42.22,166.55,163.895,164.8
661,2021-11-13,253670214,5125542,0.0,0.0,0.0,0.0,0.0,0.0
662,2021-11-14,254018493,5130270,0.0,0.0,0.0,0.0,0.0,0.0
663,2021-11-15,254620079,5137386,42.94,42.14,42.38,166.32,164.23,166.29
664,2021-11-16,255126904,5144998,42.19,40.9,41.04,166.29,164.34,164.87
665,2021-11-17,255742113,5154150,41.25,40.3,40.71,167.87,162.84,167.49
666,2021-11-18,256363770,5162439,40.77,39.435,40.12,171.12,167.37,169.38
667,2021-11-19,256978407,5170412,39.93,38.885,39.69,168.475,165.86,166.74
668,2021-11-20,257416423,5176440,0.0,0.0,0.0,0.0,0.0,0.0
669,2021-11-21,257796215,5181079,0.0,0.0,0.0,0.0,0.0,0.0
670,2021-11-22,258500870,5188530,40.19,39.22,39.77,170.645,167.01,167.99
671,2021-11-23,259093463,5196540,40.58,39.25,39.53,170.71,167.2,169.03
672,2021-11-24,259751368,5205110,40.07,38.92,39.69,169.235,166.63,169.03
673,2021-11-25,260348589,5212967,0.0,0.0,0.0,0.0,0.0,0.0
674,2021-11-26,260962280,5219862,36.95,34.6,36.38,162.8,158.28,160.48
675,2021-11-27,261381085,5225727,0.0,0.0,0.0,0.0,0.0,0.0
676,2021-11-28,261770875,5230630,0.0,0.0,0.0,0.0,0.0,0.0
677,2021-11-29,262513214,5238554,37.35,35.97,36.24,164.68,157.44,159.94
678,2021-11-30,263113681,5246577,36.29,35.215,36.2,157.81,151.75,152.84
679,2021-12-01,263816145,5255817,37.34,33.4,33.53,158.83,147.64,147.72
680,2021-12-02,264523382,5265978,36.67,33.7601,36.64,153.9776,148.37,151.86
681,2021-12-03,265254220,5274569,37.6799,35.35,35.98,152.79,147.36,149.19
682,2021-12-04,265726430,5280087,0.0,0.0,0.0,0.0,0.0,0.0
683,2021-12-05,266146231,5287507,0.0,0.0,0.0,0.0,0.0,0.0
684,2021-12-06,266849953,5294966,39.33,37.0108,38.14,155.51,151.52,152.6
685,2021-12-07,267489200,5302689,39.13,37.77,38.04,158.7,154.945,156.25
686,2021-12-08,268200544,5310986,39.89,38.03,38.88,158.44,155.38,157.45
687,2021-12-09,268898928,5319552,38.8482,38.0,38.5,155.58,152.2,152.24
688,2021-12-10,269592462,5327568,38.46,37.59,38.18,153.65,150.04,152.42
689,2021-12-11,270059366,5333403,0.0,0.0,0.0,0.0,0.0,0.0
690,2021-12-12,270485916,5337997,0.0,0.0,0.0,0.0,0.0,0.0
691,2021-12-13,271179799,5344930,37.62,36.42,36.87,152.07,147.5416,151.1
692,2021-12-14,271816596,5352663,37.53,36.42,36.53,152.21,149.85,150.93
693,2021-12-15,272556770,5361688,36.8,35.54,36.61,152.19,147.21,152.04
694,2021-12-16,273300997,5369034,37.6899,35.66,35.8,154.839,151.04,151.66
695,2021-12-17,274068563,5376334,37.245,35.59,36.56,152.86,148.43,150.73
696,2021-12-18,274598505,5382005,0.0,0.0,0.0,0.0,0.0,0.0
697,2021-12-19,275083461,5386352,0.0,0.0,0.0,0.0,0.0,0.0
698,2021-12-20,275893527,5393631,37.25,35.39,36.37,148.69,143.63,146.27
699,2021-12-21,276652188,5401189,38.82,36.76,38.52,154.89,148.07,154.47
700,2021-12-22,277566671,5411559,39.47,38.17,39.13,156.01,153.53,155.53
701,2021-12-23,278578699,5418816,39.89,38.995,39.3,157.3827,155.265,155.46
702,2021-12-24,279434799,5424511,0.0,0.0,0.0,0.0,0.0,0.0
703,2021-12-25,280116791,5428824,0.0,0.0,0.0,0.0,0.0,0.0
704,2021-12-26,280692270,5432656,0.0,0.0,0.0,0.0,0.0,0.0
705,2021-12-27,282033889,5439626,39.18,37.86,39.0,158.48,154.4807,158.43
706,2021-12-28,283370260,5447300,39.834,38.52,39.63,159.25,156.75,157.77
707,2021-12-29,285075127,5455241,39.49,38.99,39.16,159.3,156.77,158.76
708,2021-12-30,287025253,5462660,39.74,39.02,39.04,161.87,158.5361,160.04
709,2021-12-31,288728291,5469019,39.46,38.925,39.08,161.69,159.51,159.77
710,2022-01-01,289931428,5473282,0.0,0.0,0.0,0.0,0.0,0.0
711,2022-01-02,290849939,5476678,0.0,0.0,0.0,0.0,0.0,0.0
712,2022-01-03,293188320,5482492,41.03,39.635,40.29,162.6,158.87,160.3
713,2022-01-04,295801747,5491173,41.2758,40.325,40.59,163.88,161.8,162.98
714,2022-01-05,298385756,5498943,41.28,40.15,40.28,165.83,160.96,161.03
715,2022-01-06,301054978,5506555,41.11,39.74,40.11,164.52,160.76,163.16
716,2022-01-07,304008616,5513806,41.97,40.44,41.51,163.9,161.05,161.27
717,2022-01-08,306145200,5519014,0.0,0.0,0.0,0.0,0.0,0.0
718,2022-01-09,308150282,5523075,0.0,0.0,0.0,0.0,0.0,0.0
719,2022-01-10,311401997,5529985,41.8,40.1905,40.63,160.99,157.0879,160.88
720,2022-01-11,314432404,5539088,41.5298,40.44,41.23,162.61,158.07,161.83
721,2022-01-12,317879058,5548116,41.5898,40.555,40.61,163.65,161.76,161.93
722,2022-01-13,321066163,5556348,42.54,40.45,41.47,164.24,162.25,162.99
723,2022-01-14,324382616,5564318,40.86,39.55,40.31,162.09,152.48,155.7
724,2022-01-15,326810379,5570448,0.0,0.0,0.0,0.0,0.0,0.0
725,2022-01-16,328981578,5574962,0.0,0.0,0.0,0.0,0.0,0.0
726,2022-01-17,331759391,5581472,0.0,0.0,0.0,0.0,0.0,0.0
727,2022-01-18,335523995,5590572,40.435,39.44,39.54,154.3,150.86,153.89
728,2022-01-19,339607276,5600509,39.8,38.73,38.82,154.89,148.53,148.59
729,2022-01-20,343341570,5610150,40.16,38.76,38.84,152.75,147.1893,147.43
730,2022-01-21,347151687,5620108,38.83,37.36,37.86,147.54,144.56,146.96
731,2022-01-22,349801473,5626133,0.0,0.0,0.0,0.0,0.0,0.0
732,2022-01-23,352184811,5631303,0.0,0.0,0.0,0.0,0.0,0.0
733,2022-01-24,355817671,5640214,37.93,35.875,37.91,146.23,137.75,146.1
734,2022-01-25,359471485,5650697,38.87,37.3,38.72,148.96,140.84,146.78
735,2022-01-26,363233158,5661409,39.96,38.34,38.76,151.87,143.76,145.58
736,2022-01-27,366932890,5671713,40.03,38.03,38.34,149.46,143.1,143.89
737,2022-01-28,370611819,5684057,38.39,36.77,38.28,146.44,139.67,146.4
738,2022-01-29,373175361,5691951,0.0,0.0,0.0,0.0,0.0,0.0
739,2022-01-30,375352380,5697504,0.0,0.0,0.0,0.0,0.0,0.0
740,2022-01-31,379211855,5707928,39.72,37.658,39.69,147.6,143.61,147.2
741,2022-02-01,382341587,5720605,40.57,39.5669,40.49,148.66,145.04,147.36
742,2022-02-02,385526232,5732521,40.9599,39.7299,40.52,149.98,146.91,149.55
743,2022-02-03,388720309,5744164,40.6,39.68,39.73,149.1899,145.34,145.56
744,2022-02-04,391675874,5757335,40.085,39.09,39.85,146.81,141.75,145.18
745,2022-02-05,393779507,5765553,0.0,0.0,0.0,0.0,0.0,0.0
746,2022-02-06,395542316,5771531,0.0,0.0,0.0,0.0,0.0,0.0
747,2022-02-07,398516432,5782632,41.29,40.425,40.94,149.8,144.89,148.92
748,2022-02-08,401116122,5795427,42.715,41.0,42.61,144.5974,137.77,142.04
749,2022-02-09,403549117,5808554,44.505,42.85,43.88,144.0449,141.45,143.09
750,2022-02-10,406363391,5820436,44.73,43.31,43.9,147.5,141.26,143.98
751,2022-02-11,408788228,5832423,44.8,41.92,42.33,146.39,140.58,141.83
752,2022-02-12,410513339,5841073,0.0,0.0,0.0,0.0,0.0,0.0
753,2022-02-13,411919279,5846347,0.0,0.0,0.0,0.0,0.0,0.0
754,2022-02-14,413962163,5857576,43.25,41.705,41.97,142.3,139.06,139.9
755,2022-02-15,415832953,5868222,44.75,43.33,44.49,142.9,140.54,141.32
756,2022-02-16,418072759,5881335,45.14,43.98,44.41,144.29,141.31,143.86
757,2022-02-17,420135672,5893543,44.13,42.945,43.31,146.77,143.02,143.67
758,2022-02-18,422119106,5904181,43.675,42.7,42.84,144.11,140.49,140.95
759,2022-02-19,423596187,5912539,0.0,0.0,0.0,0.0,0.0,0.0
760,2022-02-20,424789720,5917919,0.0,0.0,0.0,0.0,0.0,0.0
761,2022-02-21,426495378,5925467,0.0,0.0,0.0,0.0,0.0,0.0
762,2022-02-22,428169102,5935518,42.84,41.435,41.89,140.39,136.73,138.05
763,2022-02-23,430086590,5947505,42.39,40.11,40.19,140.3241,133.4317,134.07
764,2022-02-24,431874501,5958316,40.49,37.47,40.33,138.18,129.35,137.82
765,2022-02-25,433528807,5967385,41.995,40.6412,41.54,140.1499,137.67,139.7
766,2022-02-26,434802795,5973927,0.0,0.0,0.0,0.0,0.0,0.0
767,2022-02-27,435854949,5978627,0.0,0.0,0.0,0.0,0.0,0.0
768,2022-02-28,437463827,5986294,40.36,39.02,39.92,139.9,136.56,137.56
769,2022-03-01,439062564,5994765,39.59,37.375,37.64,138.34,133.44,134.6
770,2022-03-02,440722439,6002946,38.775,37.85,38.04,139.73,135.92,138.77
771,2022-03-03,442497646,6011120,38.74,36.38,36.56,140.9399,137.56,139.41
772,2022-03-04,444260070,6019817,35.87,34.165,34.52,137.91,133.82,136.89
773,2022-03-05,445550401,6025459,0.0,0.0,0.0,0.0,0.0,0.0
774,2022-03-06,446660147,6029686,0.0,0.0,0.0,0.0,0.0,0.0
775,2022-03-07,448401620,6037552,34.2,29.98,30.11,135.89,128.2,128.27
776,2022-03-08,449985919,6044438,32.74,29.75,31.22,133.89,128.1,131.39
777,2022-03-09,451976099,6052634,33.78,32.555,32.76,135.32,132.44,132.57
778,2022-03-10,453847080,6060159,33.41,31.52,32.55,132.93,129.47,132.61
779,2022-03-11,455719680,6066369,33.4,32.01,32.07,134.09,130.0,130.05
780,2022-03-12,457280387,6071102,0.0,0.0,0.0,0.0,0.0,0.0
781,2022-03-13,458418032,6074656,0.0,0.0,0.0,0.0,0.0,0.0
782,2022-03-14,460415942,6080255,33.2,31.65,32.07,132.545,126.76,128.19
783,2022-03-15,462225344,6085871,35.47,33.99,34.86,130.03,127.03,128.88
784,2022-03-16,464464205,6092759,36.945,35.44,36.93,132.46,128.29,131.33
785,2022-03-17,466542109,6099841,37.15,35.37,37.15,132.41,129.942,131.65
786,2022-03-18,468433636,6105602,37.925,36.38,37.68,131.56,129.4715,130.84
787,2022-03-19,469913015,6109457,0.0,0.0,0.0,0.0,0.0,0.0
788,2022-03-20,470873843,6112784,0.0,0.0,0.0,0.0,0.0,0.0
789,2022-03-21,472753728,6128916,37.23,35.88,36.09,131.82,127.97,129.06
790,2022-03-22,474730951,6133991,37.24,36.33,36.98,134.45,130.8601,132.84
791,2022-03-23,476534854,6139975,36.79,36.07,36.22,132.7,129.875,130.01
792,2022-03-24,478319055,6145245,37.27,35.96,37.26,130.53,129.05,130.13
793,2022-03-25,480078626,6154420,38.24,37.24,37.91,131.1778,129.64,130.17
794,2022-03-26,481203035,6157240,0.0,0.0,0.0,0.0,0.0,0.0
795,2022-03-27,482053796,6159875,0.0,0.0,0.0,0.0,0.0,0.0
796,2022-03-28,483898093,6164157,38.61,37.44,38.34,131.8,129.655,131.75
797,2022-03-29,485649915,6168605,40.26,39.13,39.52,138.43,133.59,138.08
798,2022-03-30,487247590,6173509,39.53,38.91,39.33,138.65,134.335,134.79
799,2022-03-31,488810861,6178001,40.1,39.24,39.57,135.41,131.55,131.56
800,2022-04-01,490229883,6182878,39.9,39.01,39.31,133.26,131.26,133.0
801,2022-04-02,491102544,6185451,0.0,0.0,0.0,0.0,0.0,0.0
802,2022-04-03,491795689,6187345,0.0,0.0,0.0,0.0,0.0,0.0
803,2022-04-04,493029039,6190722,39.615,38.71,39.4,134.89,131.145,134.53
804,2022-04-05,494394436,6194890,39.87,38.565,39.03,135.63,130.31,130.58
805,2022-04-06,495614407,6199209,38.06,36.715,37.59,130.18,126.27,127.86
806,2022-04-07,496892754,6203530,37.5,36.175,37.13,127.52,123.48,125.51
807,2022-04-08,498067151,6207458,37.34,36.505,36.74,128.52,125.485,127.47
808,2022-04-09,498809406,6209802,0.0,0.0,0.0,0.0,0.0,0.0
809,2022-04-10,499371019,6211574,0.0,0.0,0.0,0.0,0.0,0.0
810,2022-04-11,500357346,6214427,38.56,36.53,38.21,129.1,126.33,126.78
811,2022-04-12,501476932,6217706,38.95,37.77,38.62,128.92,125.71,126.18
812,2022-04-13,502551958,6221772,41.1,39.81,41.02,128.71,125.76,127.58
813,2022-04-14,503514561,6225333,42.8691,41.33,42.36,129.45,127.69,127.88
814,2022-04-15,504173546,6227807,0.0,0.0,0.0,0.0,0.0,0.0
815,2022-04-16,504728004,6229417,0.0,0.0,0.0,0.0,0.0,0.0
816,2022-04-17,505135766,6230953,0.0,0.0,0.0,0.0,0.0,0.0
817,2022-04-18,505593027,6232516,43.07,41.85,42.13,129.11,127.1,127.89
818,2022-04-19,506611148,6235533,43.77,42.72,43.04,131.7513,127.89,131.32
819,2022-04-20,507572864,6239694,44.24,43.19,43.54,133.5,131.0367,132.59
820,2022-04-21,508494564,6242784,46.27,44.54,44.73,134.8,130.56,130.85
821,2022-04-22,509326073,6245549,45.35,43.55,43.69,130.84,125.72,125.88
822,2022-04-23,509804848,6247151,0.0,0.0,0.0,0.0,0.0,0.0
823,2022-04-24,510170201,6248317,0.0,0.0,0.0,0.0,0.0,0.0
824,2022-04-25,510807207,6250454,43.545,42.23,43.27,126.7,123.93,126.29
825,2022-04-26,511586152,6254734,43.05,41.55,41.9,126.96,124.03,124.13
826,2022-04-27,512270545,6257861,43.435,41.76,43.11,125.195,122.06,122.13
827,2022-04-28,513029820,6260860,44.415,42.89,44.33,125.05,120.82,124.41
828,2022-04-29,513674263,6263399,44.75,42.8225,43.03,123.98,117.78,118.0
829,2022-04-30,514028003,6264863,0.0,0.0,0.0,0.0,0.0,0.0
830,2022-05-01,514337424,6266066,0.0,0.0,0.0,0.0,0.0,0.0
831,2022-05-02,514784854,6267807,43.4,41.57,42.67,119.08,113.41,116.84
832,2022-05-03,515456909,6270002,43.69,42.21,43.35,121.7,116.25,120.87
833,2022-05-04,516084404,6273723,43.965,42.34,43.85,125.175,119.58,124.58
834,2022-05-05,516684038,6275963,43.74,41.795,42.13,124.29,121.12,122.34
835,2022-05-06,517314925,6278096,41.97,40.4,41.0,122.96,118.64,121.42
836,2022-05-07,517654258,6279250,0.0,0.0,0.0,0.0,0.0,0.0
837,2022-05-08,517933111,6280091,0.0,0.0,0.0,0.0,0.0,0.0
838,2022-05-09,518623538,6281977,40.45,38.02,38.25,120.78,117.61,118.19
839,2022-05-10,519264799,6283976,39.33,37.85,38.68,125.99,117.94,119.07
840,2022-05-11,519959508,6286202,39.92,37.71,37.89,120.0,112.78,113.01
841,2022-05-12,520612153,6288197,37.76,35.7,36.67,116.28,111.1736,115.62
842,2022-05-13,521185114,6290079,38.45,37.45,38.33,117.68,115.18,116.78
843,2022-05-14,521623840,6291043,0.0,0.0,0.0,0.0,0.0,0.0
844,2022-05-15,521997492,6291822,0.0,0.0,0.0,0.0,0.0,0.0
845,2022-05-16,522587922,6293400,39.0,38.11,38.17,118.125,115.5,116.87
846,2022-05-17,523196288,6295253,40.82,39.205,40.72,120.92,118.18,120.76
847,2022-05-18,523956899,6297614,40.83,39.005,39.31,119.69,113.16,113.67
848,2022-05-19,524552967,6299347,39.915,38.65,39.24,114.63,109.91,110.04
849,2022-05-20,525179079,6301345,40.05,37.635,38.64,111.195,105.72,108.84
850,2022-05-21,525546242,6302438,0.0,0.0,0.0,0.0,0.0,0.0
851,2022-05-22,525862056,6303048,0.0,0.0,0.0,0.0,0.0,0.0
852,2022-05-23,526355204,6304610,39.99,38.72,39.52,110.4591,107.23,107.77
853,2022-05-24,526949796,6306262,38.95,36.78,37.22,108.13,103.46,107.85
854,2022-05-25,527593755,6308875,38.69,37.026,38.6,110.27,106.89,109.19
855,2022-05-26,528096493,6310309,41.235,39.0,40.83,112.82,110.0,112.03
856,2022-05-27,528666149,6312283,42.23,41.0,42.23,114.64,112.406,113.73
857,2022-05-28,528995178,6313120,0.0,0.0,0.0,0.0,0.0,0.0
858,2022-05-29,529271873,6313739,0.0,0.0,0.0,0.0,0.0,0.0
859,2022-05-30,529616224,6314848,0.0,0.0,0.0,0.0,0.0,0.0
860,2022-05-31,530241569,6316371,42.45,40.58,41.69,115.29,112.11,114.65
861,2022-06-01,530939976,6318382,42.3,39.23,39.54,115.2852,109.82,111.17
862,2022-06-02,531470716,6320070,40.29,39.22,39.99,112.33,109.87,112.32
863,2022-06-03,532014270,6321601,39.42,38.055,38.54,111.61,109.58,109.95
864,2022-06-04,532267351,6322293,0.0,0.0,0.0,0.0,0.0,0.0
865,2022-06-05,532530338,6323106,0.0,0.0,0.0,0.0,0.0,0.0
866,2022-06-06,532965247,6324071,39.29,38.305,39.0,111.1,109.1104,109.62
867,2022-06-07,533576907,6326085,39.79,38.249,39.74,112.325,108.56,112.28
868,2022-06-08,534283486,6328655,39.53,38.17,38.22,110.29,107.62,107.87
869,2022-06-09,534848531,6330211,38.21,36.71,36.75,107.45,103.84,103.87
870,2022-06-10,535405294,6331910,37.1,35.0,35.12,103.34,101.22,101.26
871,2022-06-11,535689085,6332832,0.0,0.0,0.0,0.0,0.0,0.0
872,2022-06-12,535887333,6333409,0.0,0.0,0.0,0.0,0.0,0.0
873,2022-06-13,536415150,6335097,34.1,32.01,32.21,98.75,95.46,97.15
874,2022-06-14,537272203,6336934,32.77,30.86,31.38,98.31,95.715,96.51
875,2022-06-15,537994296,6338929,32.74,31.35,31.96,98.93,95.97,97.5
876,2022-06-16,538577138,6340792,30.88,29.21,29.58,95.73,93.5,94.62
877,2022-06-17,539110151,6342051,30.48,28.76,30.26,97.35,94.94,95.69
878,2022-06-18,539338742,6342696,0.0,0.0,0.0,0.0,0.0,0.0
879,2022-06-19,539607241,6343376,0.0,0.0,0.0,0.0,0.0,0.0
880,2022-06-20,540362445,6344898,0.0,0.0,0.0,0.0,0.0,0.0
881,2022-06-21,541178509,6346630,30.96,29.76,30.05,98.64,96.47,96.59
882,2022-06-22,541984328,6348658,30.49,29.6,30.0,97.7225,94.83,95.95
883,2022-06-23,542767959,6350472,30.12,28.7935,29.56,97.04,95.19,96.7
884,2022-06-24,543545293,6352244,31.29,29.52,31.2,100.5213,97.49,99.62
885,2022-06-25,543862216,6353044,0.0,0.0,0.0,0.0,0.0,0.0
886,2022-06-26,544148980,6353707,0.0,0.0,0.0,0.0,0.0,0.0
887,2022-06-27,545021364,6355178,31.4,30.34,30.44,101.44,98.75,100.12
888,2022-06-28,545963319,6357110,32.24,30.2801,30.33,102.48,99.14,99.25
889,2022-06-29,546896134,6358937,30.01,29.205,29.64,99.0,96.42,97.26
890,2022-06-30,547974317,6360329,29.22,28.095,28.97,96.43,93.2,94.92
891,2022-07-01,548925491,6362195,29.731,28.67,29.52,95.97,93.79,95.68
892,2022-07-02,549284928,6363030,0.0,0.0,0.0,0.0,0.0,0.0
893,2022-07-03,549643412,6363765,0.0,0.0,0.0,0.0,0.0,0.0
894,2022-07-04,550495502,6364917,0.0,0.0,0.0,0.0,0.0,0.0
895,2022-07-05,551700794,6367127,29.83,28.14,29.82,97.6,93.51,97.57
896,2022-07-06,552926114,6369463,30.2,29.175,29.53,98.47,96.01,96.42
897,2022-07-07,553979237,6372169,30.195,29.43,29.91,98.28,96.65,97.88
898,2022-07-08,554985885,6374458,30.425,29.49,29.72,98.2155,96.18,97.69
899,2022-07-09,555489725,6375501,0.0,0.0,0.0,0.0,0.0,0.0
900,2022-07-10,555912593,6376347,0.0,0.0,0.0,0.0,0.0,0.0
901,2022-07-11,556965871,6378130,30.01,29.17,29.29,97.51,95.73,97.22
902,2022-07-12,558188894,6380590,31.54,29.27,31.09,99.14,96.98,97.6
903,2022-07-13,559615969,6383201,29.75,28.345,29.7,97.15,95.04,95.56
904,2022-07-14,560618337,6385278,30.4,29.1,29.77,94.89,93.06,94.0
905,2022-07-15,561620875,6387586,30.435,29.54,30.09,96.75,94.75,96.36
906,2022-07-16,562173878,6388670,0.0,0.0,0.0,0.0,0.0,0.0
907,2022-07-17,562633320,6389656,0.0,0.0,0.0,0.0,0.0,0.0
908,2022-07-18,563831363,6391734,31.99,31.06,31.14,98.83,97.3,98.64
909,2022-07-19,565376142,6394813,32.73,31.81,32.6,102.555,99.14,102.27
910,2022-07-20,566978238,6397714,33.075,32.135,32.85,104.315,101.54,103.45
911,2022-07-21,568132310,6400258,32.145,31.29,31.96,104.26,102.0,104.24
912,2022-07-22,569227609,6403118,32.48,31.29,31.35,105.38,103.28,103.68
913,2022-07-23,569864429,6404405,0.0,0.0,0.0,0.0,0.0,0.0
914,2022-07-24,570415520,6405438,0.0,0.0,0.0,0.0,0.0,0.0
915,2022-07-25,571389219,6407386,31.51,30.72,31.41,104.63,103.1138,104.03
916,2022-07-26,572585879,6410303,31.205,30.5738,30.64,103.78,102.0598,102.58
917,2022-07-27,574012504,6413653,31.65,30.74,31.5,104.61,102.43,104.12
918,2022-07-28,575128637,6416416,31.72,30.59,31.7,107.56,104.778,107.46
919,2022-07-29,576504042,6419438,32.035,31.4401,31.8,109.26,107.46,108.64
920,2022-07-30,577080293,6420533,0.0,0.0,0.0,0.0,0.0,0.0
921,2022-07-31,577625050,6421448,0.0,0.0,0.0,0.0,0.0,0.0
922,2022-08-01,578498268,6423883,32.3,31.25,32.23,109.2,107.08,108.63
923,2022-08-02,579688847,6426763,32.4319,31.285,31.82,110.96,105.25,105.48
924,2022-08-03,580844327,6429907,33.32,32.08,33.25,108.37,106.59,106.93
925,2022-08-04,582298507,6433081,33.605,32.9243,33.33,107.41,104.95,105.82
926,2022-08-05,583199840,6436031,33.4,32.78,32.94,106.62,104.87,106.5
927,2022-08-06,584378161,6437762,0.0,0.0,0.0,0.0,0.0,0.0
928,2022-08-07,584876085,6438704,0.0,0.0,0.0,0.0,0.0,0.0
929,2022-08-08,585692322,6441006,34.11,33.285,33.75,110.1393,107.61,108.84
930,2022-08-09,586732558,6444566,33.6,32.7278,33.21,108.885,107.1,108.01
931,2022-08-10,587759595,6447272,34.53,33.89,33.93,111.52,109.71,111.38
932,2022-08-11,588765069,6450479,34.79,33.845,33.96,114.81,112.7,114.07
933,2022-08-12,589518048,6453293,34.605,34.08,34.5,115.99,114.14,115.85
934,2022-08-13,590154612,6454777,0.0,0.0,0.0,0.0,0.0,0.0
935,2022-08-14,590615366,6455771,0.0,0.0,0.0,0.0,0.0,0.0
936,2022-08-15,591470649,6458166,35.48,34.48,35.0,115.62,113.1,113.25
937,2022-08-16,592553956,6461602,35.79,34.705,35.34,115.32,112.62,114.52
938,2022-08-17,593544473,6464838,34.92,34.055,34.54,113.622,111.78,112.84
939,2022-08-18,594489234,6467820,34.61,34.025,34.49,113.48,112.28,113.33
940,2022-08-19,595290702,6470533,34.06,33.06,33.25,112.855,110.26,111.01
941,2022-08-20,595865130,6471724,0.0,0.0,0.0,0.0,0.0,0.0
942,2022-08-21,596349664,6473445,0.0,0.0,0.0,0.0,0.0,0.0
943,2022-08-22,597060819,6474866,32.5,31.8525,32.38,110.0,105.94,106.74
944,2022-08-23,597949972,6477794,33.015,32.27,32.87,108.345,106.73,106.84
945,2022-08-24,598834543,6480950,33.41,32.67,33.31,107.69,105.92,106.68
946,2022-08-25,599699548,6483907,34.16,33.5207,33.99,108.27,106.89,108.24
947,2022-08-26,600401903,6486436,34.26,32.65,32.68,108.55,104.84,104.85
948,2022-08-27,600854582,6487647,0.0,0.0,0.0,0.0,0.0,0.0
949,2022-08-28,601260827,6488670,0.0,0.0,0.0,0.0,0.0,0.0
950,2022-08-29,601837965,6490683,32.355,31.85,32.03,105.1,102.95,103.65
951,2022-08-30,602585861,6493182,32.45,31.465,31.72,105.05,103.085,103.79
952,2022-08-31,603339040,6496550,32.02,31.06,31.07,104.73,101.77,101.98
953,2022-09-01,604018804,6499102,31.14,29.94,31.09,101.425,98.75,101.33
954,2022-09-02,604676287,6501819,31.83,30.695,30.94,103.76,100.17,100.53
955,2022-09-03,605052969,6502896,0.0,0.0,0.0,0.0,0.0,0.0
956,2022-09-04,605423358,6504007,0.0,0.0,0.0,0.0,0.0,0.0
957,2022-09-05,605881148,6505453,0.0,0.0,0.0,0.0,0.0,0.0
958,2022-09-06,606554997,6507768,31.65,30.655,31.19,101.76,98.82,101.04
959,2022-09-07,607171546,6509944,32.3394,31.265,32.23,103.49,100.91,103.46
960,2022-09-08,607755506,6512183,32.49,31.55,32.12,102.59,99.75,102.54
961,2022-09-09,608281134,6514478,32.76,32.235,32.66,104.095,102.6,103.77
962,2022-09-10,608594366,6515421,0.0,0.0,0.0,0.0,0.0,0.0
963,2022-09-11,608908659,6516207,0.0,0.0,0.0,0.0,0.0,0.0
964,2022-09-12,609393741,6517720,33.445,32.72,33.15,105.82,103.84,105.25
965,2022-09-13,609942218,6519702,32.365,31.59,31.74,103.1,100.04,100.41
966,2022-09-14,610640243,6522032,32.69,30.82,32.66,100.2,98.335,100.03
967,2022-09-15,611251541,6524602,33.74,32.45,33.28,101.22,99.4,99.54
968,2022-09-16,611707437,6526611,32.815,31.79,32.11,99.8,97.6148,99.7
969,2022-09-17,612002534,6527461,0.0,0.0,0.0,0.0,0.0,0.0
970,2022-09-18,612257111,6528049,0.0,0.0,0.0,0.0,0.0,0.0
971,2022-09-19,612673963,6529431,33.11,31.83,32.94,100.28,98.0,100.28
972,2022-09-20,613227572,6531261,33.27,32.26,32.75,99.81,97.89,98.32
973,2022-09-21,613745750,6533318,32.46,31.08,31.16,100.0274,95.61,95.65
974,2022-09-22,614365390,6535513,31.2,29.725,29.96,95.79,91.74,92.18
975,2022-09-23,614883451,6537341,29.58,28.48,29.02,91.0,88.54,90.18
976,2022-09-24,615148616,6538177,0.0,0.0,0.0,0.0,0.0,0.0
977,2022-09-25,615371539,6538685,0.0,0.0,0.0,0.0,0.0,0.0
978,2022-09-26,615794219,6540058,29.13,28.015,28.02,89.48,86.02,87.36
979,2022-09-27,616393758,6541661,28.93,27.8,28.5,89.95,87.94,89.03
980,2022-09-28,616943716,6544003,29.635,28.26,29.49,92.97,89.4,92.53
981,2022-09-29,617587849,6546289,28.93,28.08,28.44,91.42,88.46,89.13
982,2022-09-30,618060372,6547762,28.5913,27.885,28.06,90.51,88.41,89.75
983,2022-10-01,618301429,6548432,0.0,0.0,0.0,0.0,0.0,0.0
984,2022-10-02,618502138,6548998,0.0,0.0,0.0,0.0,0.0,0.0
985,2022-10-03,618822004,6550361,28.5,27.2,28.26,91.91,89.105,90.98
986,2022-10-04,619422193,6551963,30.82,29.25,30.75,95.93,92.33,95.87
987,2022-10-05,620005197,6554150,30.75,29.8,30.52,96.18,91.83,95.77
988,2022-10-06,620645800,6556162,30.915,30.15,30.62,96.35,94.16,94.68
989,2022-10-07,621221027,6557961,30.22,29.06,29.39,94.31,92.03,92.54
990,2022-10-08,621440044,6558674,0.0,0.0,0.0,0.0,0.0,0.0
991,2022-10-09,621658996,6559308,0.0,0.0,0.0,0.0,0.0,0.0
992,2022-10-10,622112629,6560625,29.72,28.975,29.42,94.01,92.09,92.53
993,2022-10-11,622802836,6562536,30.76,28.37,28.84,95.94,91.33,94.82
994,2022-10-12,623353219,6564438,29.44,28.21,29.21,94.75,92.7899,93.68
995,2022-10-13,624016113,6566543,31.02,28.52,30.38,96.63,90.77,95.83
996,2022-10-14,624494008,6568259,31.92,30.86,31.08,97.99,95.14,95.86
997,2022-10-15,624712097,6569036,0.0,0.0,0.0,0.0,0.0,0.0
998,2022-10-16,624904267,6569584,0.0,0.0,0.0,0.0,0.0,0.0
999,2022-10-17,625380762,6571344,32.12,30.72,31.13,99.93,97.6,99.15
1000,2022-10-18,626009472,6573191,32.19,31.3409,32.17,101.07,97.33,98.66
1001,2022-10-19,626536431,6575434,32.94,32.08,32.52,99.65,97.25,98.03
1002,2022-10-20,627131819,6577637,33.095,32.11,32.15,100.94,98.2,98.31
1003,2022-10-21,627563033,6579639,32.81,31.77,32.58,101.07,97.28,101.04
1004,2022-10-22,627745374,6580259,0.0,0.0,0.0,0.0,0.0,0.0
1005,2022-10-23,627906174,6580853,0.0,0.0,0.0,0.0,0.0,0.0
1006,2022-10-24,628292158,6582173,33.415,32.58,33.27,102.86,100.03,102.39
1007,2022-10-25,628887107,6584353,33.99,32.92,33.9,106.27,102.55,105.84
1008,2022-10-26,629354131,6586858,34.6,33.7,33.9,106.7,105.12,105.53
1009,2022-10-27,629825004,6588984,35.08,34.04,34.09,107.72,106.19,106.39
1010,2022-10-28,630188852,6590467,34.7499,33.7,34.67,109.11,105.5629,108.96
1011,2022-10-29,630387961,6591138,0.0,0.0,0.0,0.0,0.0,0.0
1012,2022-10-30,630555274,6591741,0.0,0.0,0.0,0.0,0.0,0.0
1013,2022-10-31,630855587,6592962,34.93,33.89,33.93,109.56,107.37,108.98
1014,2022-11-01,631257223,6595764,34.43,33.53,33.63,114.52,109.46,113.84
1015,2022-11-02,631605553,6597350,33.38,32.03,32.06,115.35,111.48,111.61
1016,2022-11-03,632099160,6599695,32.39,30.98,31.97,113.4,108.81,112.58
1017,2022-11-04,632543650,6601673,33.22,32.16,32.76,115.81,112.62,115.57
1018,2022-11-05,632744972,6602286,0.0,0.0,0.0,0.0,0.0,0.0
1019,2022-11-06,632931615,6602830,0.0,0.0,0.0,0.0,0.0,0.0
1020,2022-11-07,633236212,6603974,33.635,32.565,33.36,117.15,114.765,116.87
1021,2022-11-08,633687028,6605250,33.9,33.1,33.59,117.47,114.635,115.42
1022,2022-11-09,634121053,6607365,34.025,33.15,33.46,116.06,112.56,112.92
1023,2022-11-10,634581453,6609457,35.83,34.305,35.49,121.285,117.475,120.04
1024,2022-11-11,635069827,6611165,36.0,35.26,35.44,121.98,119.93,120.2
1025,2022-11-12,635312334,6611612,0.0,0.0,0.0,0.0,0.0,0.0
1026,2022-11-13,635495843,6612117,0.0,0.0,0.0,0.0,0.0,0.0
1027,2022-11-14,635842682,6613462,35.49,34.6,34.69,119.57,117.51,117.53
1028,2022-11-15,636346431,6614527,35.58,34.455,34.9,120.93,118.46,120.16
1029,2022-11-16,636832747,6616833,34.65,33.8902,34.12,119.06,115.5233,115.59
1030,2022-11-17,637312096,6618875,34.13,33.3,34.06,115.87,113.46,115.79
1031,2022-11-18,637942820,6621234,35.38,34.17,34.47,118.48,116.75,117.9
1032,2022-11-19,638190175,6621728,0.0,0.0,0.0,0.0,0.0,0.0
1033,2022-11-20,638412606,6622317,0.0,0.0,0.0,0.0,0.0,0.0
1034,2022-11-21,638754188,6623443,34.69,34.05,34.23,118.14,116.055,117.18
1035,2022-11-22,639328415,6625184,34.51,33.75,34.23,119.655,117.47,119.38
1036,2022-11-23,639919189,6627291,34.86,34.2,34.49,120.18,118.385,119.61
1037,2022-11-24,640339580,6628690,0.0,0.0,0.0,0.0,0.0,0.0
1038,2022-11-25,641037771,6630892,35.394,34.3558,35.1,120.7,119.71,120.7
1039,2022-11-26,641308397,6631404,0.0,0.0,0.0,0.0,0.0,0.0
1040,2022-11-27,641571858,6631994,0.0,0.0,0.0,0.0,0.0,0.0
1041,2022-11-28,641977647,6633172,34.915,33.87,33.87,120.1097,115.5,115.76
1042,2022-11-29,642708342,6634772,34.725,33.88,34.61,117.67,115.53,117.46
1043,2022-11-30,643244123,6636401,35.38,34.205,35.37,119.69,116.425,119.44
1044,2022-12-01,643950364,6638794,35.74,35.105,35.38,120.8,117.75,119.01
1045,2022-12-02,644711955,6641139,35.72,34.88,35.71,120.03,117.5,119.34
1046,2022-12-03,645011864,6641748,0.0,0.0,0.0,0.0,0.0,0.0
1047,2022-12-04,645269011,6642384,0.0,0.0,0.0,0.0,0.0,0.0
1048,2022-12-05,645774500,6643774,36.875,35.68,35.79,119.36,117.38,117.69
1049,2022-12-06,646399010,6645516,36.24,35.2,35.91,119.05,116.71,118.26
1050,2022-12-07,647032502,6647694,35.65,34.295,34.33,120.35,117.2601,119.05
1051,2022-12-08,647841604,6650703,34.74,33.295,33.53,118.65,116.55,117.12
1052,2022-12-09,648512056,6652882,33.82,33.162,33.8,117.56,116.1,116.75
1053,2022-12-10,648786733,6653491,0.0,0.0,0.0,0.0,0.0,0.0
1054,2022-12-11,649085967,6654152,0.0,0.0,0.0,0.0,0.0,0.0
1055,2022-12-12,649658720,6655818,34.79,33.6,34.77,118.725,115.545,118.62
1056,2022-12-13,650436793,6657780,35.72,32.81,33.38,121.95,118.67,120.24
1057,2022-12-14,651122541,6660233,34.78,33.725,34.31,121.805,118.98,119.71
1058,2022-12-15,651873247,6663038,34.06,32.83,33.25,118.81,116.83,118.21
1059,2022-12-16,652605304,6665736,33.735,32.615,33.11,116.92,114.85,116.32
1060,2022-12-17,652905777,6666547,0.0,0.0,0.0,0.0,0.0,0.0
1061,2022-12-18,653189501,6667338,0.0,0.0,0.0,0.0,0.0,0.0
1062,2022-12-19,653775912,6669159,33.6876,32.845,32.92,116.83,114.185,115.62
1063,2022-12-20,654484792,6671373,33.28,32.75,32.9,116.01,113.8,115.66
1064,2022-12-21,655205564,6673938,33.99,33.2,33.67,118.1,116.27,116.55
1065,2022-12-22,655963530,6676603,33.63,32.29,32.92,116.44,114.0461,116.36
1066,2022-12-23,656604975,6679286,33.17,32.37,33.16,117.95,115.65,117.91
1067,2022-12-24,656949354,6680275,0.0,0.0,0.0,0.0,0.0,0.0
1068,2022-12-25,657135648,6681140,0.0,0.0,0.0,0.0,0.0,0.0
1069,2022-12-26,657655053,6682247,0.0,0.0,0.0,0.0,0.0,0.0
1070,2022-12-27,658309208,6684351,33.33,32.59,32.9,118.53,117.135,118.1
1071,2022-12-28,658946340,6687147,33.02,31.92,31.99,118.89,114.83,115.06
1072,2022-12-29,659617625,6690067,32.76,31.82,32.73,117.66,115.33,117.32
1073,2022-12-30,660199728,6692483,33.05,32.35,32.86,117.86,115.72,117.48
1074,2022-12-31,660463792,6693376,0.0,0.0,0.0,0.0,0.0,0.0
1075,2023-01-01,660778387,6694422,0.0,0.0,0.0,0.0,0.0,0.0
1076,2023-01-02,661198108,6695785,0.0,0.0,0.0,0.0,0.0,0.0
1077,2023-01-03,661660893,6698027,33.55,32.335,32.61,119.18,116.22,117.54
1078,2023-01-04,662231345,6700950,34.47,32.935,34.39,122.31,118.01,121.16
1079,2023-01-05,662966595,6704613,35.565,34.52,35.23,119.755,117.17,117.42
1080,2023-01-06,663685449,6707751,36.07,35.1,36.03,119.53,117.78,118.87
1081,2023-01-07,664042494,6708702,0.0,0.0,0.0,0.0,0.0,0.0
1082,2023-01-08,664369944,6709761,0.0,0.0,0.0,0.0,0.0,0.0
1083,2023-01-09,664718936,6711921,37.425,36.35,36.77,119.6,117.61,118.32
1084,2023-01-10,665113877,6714281,38.165,36.66,38.09,117.78,115.44,116.85
1085,2023-01-11,665620426,6717557,38.7,37.82,38.18,121.63,117.15,121.36
1086,2023-01-12,666097539,6720999,39.62,38.32,39.6,126.43,121.45,125.99
1087,2023-01-13,666533383,6723980,38.29,36.52,38.2,126.12,124.17,125.57
1088,2023-01-14,666754735,6724994,0.0,0.0,0.0,0.0,0.0,0.0
1089,2023-01-15,666951599,6785897,0.0,0.0,0.0,0.0,0.0,0.0
1090,2023-01-16,667166217,6787220,0.0,0.0,0.0,0.0,0.0,0.0
1091,2023-01-17,667518310,6789239,38.36,37.555,38.26,125.62,124.46,125.02
1092,2023-01-18,667896028,6792400,39.32,38.31,38.38,125.8649,121.94,122.25
1093,2023-01-19,668220526,6796012,38.44,37.03,38.35,121.71,120.035,120.93
1094,2023-01-20,668562246,6799459,39.2,38.34,39.03,123.85,120.41,123.65
1095,2023-01-21,668715650,6812953,0.0,0.0,0.0,0.0,0.0,0.0
1096,2023-01-22,668830077,6813633,0.0,0.0,0.0,0.0,0.0,0.0
1097,2023-01-23,669001131,6815188,39.305,38.7305,39.08,125.29,123.2783,124.97
1098,2023-01-24,669272951,6817236,39.46,38.45,38.8,125.645,123.2,125.45
1099,2023-01-25,669567171,6819539,39.5,38.62,39.38,125.5446,124.5,125.19
1100,2023-01-26,669848920,6822660,39.51,38.62,39.22,126.41,124.88,126.33
1101,2023-01-27,670086844,6824464,39.215,38.7,38.73,128.88,126.15,128.61
1102,2023-01-28,670220207,6831519,0.0,0.0,0.0,0.0,0.0,0.0
1103,2023-01-29,670344054,6832256,0.0,0.0,0.0,0.0,0.0,0.0
1104,2023-01-30,670503932,6833468,39.39,38.26,38.4,128.85,125.89,125.95
1105,2023-01-31,670734589,6835338,39.11,38.365,39.1,128.71,125.67,128.46
1106,2023-02-01,671032404,6838027,40.075,38.5997,39.89,129.95,126.88,128.93
1107,2023-02-02,671291489,6840771,40.34,39.51,39.9,133.08,129.51,131.79
1108,2023-02-03,671529548,6843097,40.01,39.29,39.58,130.285,128.2,129.81
1109,2023-02-04,671632287,6847046,0.0,0.0,0.0,0.0,0.0,0.0
1110,2023-02-05,671721476,6847646,0.0,0.0,0.0,0.0,0.0,0.0
1111,2023-02-06,671867463,6848667,39.84,39.08,39.64,129.55,127.78,128.64
1112,2023-02-07,672065240,6849942,39.77,38.67,39.59,127.85,123.21,125.9
1113,2023-02-08,672295338,6851942,40.308,39.16,39.44,125.65,123.34,124.24
1114,2023-02-09,672554241,6854280,39.97,38.88,39.01,125.79,124.02,124.41
1115,2023-02-10,672696324,6855413,38.54,37.8201,38.17,124.65,122.5,124.35
1116,2023-02-11,672828531,6856046,0.0,0.0,0.0,0.0,0.0,0.0
1117,2023-02-12,672906177,6856419,0.0,0.0,0.0,0.0,0.0,0.0
1118,2023-02-13,673044131,6857217,38.735,37.98,38.6,125.85,124.17,125.78
1119,2023-02-14,673237731,6858411,39.25,38.25,39.1,127.03,124.49,125.41
1120,2023-02-15,673477639,6859933,39.2599,38.61,39.02,125.55,123.56,125.52
1121,2023-02-16,673685532,6862019,38.79,38.22,38.28,125.46,123.3731,124.35
1122,2023-02-17,673878833,6863873,38.43,37.6748,38.36,124.48,122.39,123.66
1123,2023-02-18,673969796,6864248,0.0,0.0,0.0,0.0,0.0,0.0
1124,2023-02-19,674056229,6864711,0.0,0.0,0.0,0.0,0.0,0.0
1125,2023-02-20,674143589,6865287,0.0,0.0,0.0,0.0,0.0,0.0
1126,2023-02-21,674323721,6866088,38.09,36.82,37.1,122.86,120.06,120.62
1127,2023-02-22,674569824,6867909,37.46,36.84,37.01,122.075,120.38,121.1
1128,2023-02-23,674790916,6869817,38.14,37.16,37.53,123.09,120.97,122.3
1129,2023-02-24,674933342,6870806,37.4,36.66,37.36,122.53,120.29,121.83
1130,2023-02-25,674978793,6871024,0.0,0.0,0.0,0.0,0.0,0.0
1131,2023-02-26,675044414,6871268,0.0,0.0,0.0,0.0,0.0,0.0
1132,2023-02-27,675171439,6871808,38.21,37.56,37.84,124.14,121.99,122.51
1133,2023-02-28,675322238,6872682,38.73,37.64,38.34,124.08,122.01,122.09
1134,2023-03-01,675542852,6874463,38.67,38.01,38.51,122.14,119.35,121.25
1135,2023-03-02,675731911,6876031,38.55,37.85,38.42,123.01,120.19,122.85
1136,2023-03-03,675914580,6877325,39.24,38.58,38.85,124.43,122.7267,124.08
1137,2023-03-04,675968775,6877601,0.0,0.0,0.0,0.0,0.0,0.0
1138,2023-03-05,676024901,6877749,0.0,0.0,0.0,0.0,0.0,0.0
1139,2023-03-06,676082941,6878115,39.265,38.36,38.46,125.31,123.515,123.85
1140,2023-03-07,676213378,6879038,39.77,38.7,39.07,124.08,119.74,120.61
1141,2023-03-08,676392824,6880483,39.74,39.17,39.73,122.5799,120.845,122.18
1142,2023-03-09,676570149,6881802,40.3,38.32,38.49,120.6,117.19,117.3
